"stock_id","trailing_pe","forward_pe","price_to_book","price_to_sales","peg_ratio","profit_margin","return_on_equity","return_on_assets","revenue_growth","eps_growth","dividend_yield","debt_to_equity","current_ratio","market_cap","operating_cash_flow","free_cash_flow","created_at"
"910000","17.910593","16.482279","18.282785","2.8575625","0","0.16981001","0.91850996","0.05929","0.001","-0.23","0.027671315","350.77","1.411","70224601088","1819000064","1678875008","2025-04-19"
"910001","17.393938","15.513513","4.8379436","2.373542","0","0.13976","0.28627002","0.13533","-0.077","-0.201","0.020680876","12.132","1.552","9062420480","581800000","390000000","2025-04-19"
"910002","17.143978","25.38372","4.7587557","5.364661","0","0.31886","0","0","0.04","0.082","0.017579028","31.889","0","227161227264","0","0","2025-04-19"
"910003","72.38075","14.261336","91.8206","5.43217","0","0.07594","0.62292","0.084910005","0.056","0","0.036637932","2021.968","0.66","306015862784","18805999616","19977500672","2025-04-19"
"910004","23.257826","20.06752","6.0478516","2.629493","0","0.114300005","0.26965","0.11576","0.054","0.068","0.020088347","26.706","1.477","176758439936","10407318528","8601244672","2025-04-19"
"910005","23.038307","16.973236","11.5868845","6.7458615","0","0.30635","0.47284","0.17194","0.103","1.921","0.0","50.118","1.185","148658552832","9363999744","8357374976","2025-04-19"
"910006","87.5","17.156862","2.4653442","5.5130935","0","0.06364","0.02893","0.019019999","0.242","-0.277","0.0","4.032","2.616","142155120640","3040999936","3506249984","2025-04-19"
"910007","4.295359","5.0147786","1.9863415","0.5902609","0","0.13675","0.10055","0.02733","-0.002","0","0.06957831","351.227","0.797","7247223296","2752000000","-6709125120","2025-04-19"
"910008","11.156802","14.984658","2.2640874","3.0983443","0","0.28757998","0.22639999","0.03384","0.43","6.097","0.018632384","37.796","1.824","58642362368","2707000064","4852624896","2025-04-19"
"910009","23.504587","18.138054","4.8499765","4.4722724","0","0.19271","0.20614","0.08392999","0.014","-0.086","0.009308666","58.736","2.197","29217357824","1696999936","1090625024","2025-04-19"
"910010","15.222929","18.553282","3.5039318","4.8600245","0","0.31877002","0.22396","0.048249997","-0.022","0.013","0.027093219","80.976","1.113","58488938496","3831800064","-3522674944","2025-04-19"
"910011","27.420923","25.044443","8.346911","6.3074236","0","0.23852","0.31948","0.07671","0.118","0","0.0","27.271","1.691","70025019392","4518000128","3145625088","2025-04-19"
"910012","22.464832","10.997006","2.2591262","2.68934","0","0.12651","0.10657","0.03924","0.025","-0.132","0.0","95.003","1.233","10733607936","1519170944","642833152","2025-04-19"
"910013","0","28.755434","0.8050454","1.1575797","0","-0.21933001","-0.11432","-0.02142","-0.477","0","0.030625833","35.769","1.954","6224914432","702067968","-1232473600","2025-04-19"
"910014","43.244442","22.627905","0.7493045","4.3110824","0","0.10339","0.02269","0.0141900005","0.05","0","0.06729772","56.93","2.576","13465462784","1504524032","1419939840","2025-04-19"
"910015","30.500002","16.706627","3.2862349","3.1380198","0","0.10537","0.112629995","0.06866","0.04","-0.163","0.0","3.097","1.223","12548978688","738230976","620710528","2025-04-19"
"910016","18.526392","16.219513","7.2623286","2.8903008","0","0.1584","0.42391","0.11255","0.054","0.215","0.015344042","143.313","2.041","10902792192","675000000","465737504","2025-04-19"
"910017","22.60223","18.823528","2.2282488","3.9231043","0","0.17332001","0.10014","0.02645","0.016","0.24","0.031777557","151.585","0.436","15617878016","1167000064","-1091374976","2025-04-19"
"910018","11.457328","10.229112","2.6534173","0.8047603","0","0.0728","0.23586","0.03618","0.113","0.295","0.018945634","38.943","0.391","51589963776","8931000320","7449750016","2025-04-19"
"910019","18.800995","16.870537","5.678011","5.2989655","0","0.28604","0.32908002","0.1674","0.118","0.283","0.0052175047","8.655","1.837","1854733287424","125298999296","56580751360","2025-04-19"
"910020","19.074627","17.135197","5.760649","5.2989726","0","0.28604","0.32908002","0.1674","0.118","0.283","0.005144695","8.655","1.837","1854735908864","125298999296","56580751360","2025-04-19"
"910021","8.892966","10.871028","-43.927494","4.7973747","0","0.55097","0","0.20511","0.016","0.475","0.069844596","0","0.514","98077532160","8753000448","4630249984","2025-04-19"
"910022","31.269928","28.066666","6.39391","2.8713543","0","0.09287","0.24290001","0.07438","0.105","0.883","0.0","54.342","1.064","1831806435328","115877003264","44635873280","2025-04-19"
"910023","17.072727","11.886076","3.5839698","1.0023445","0","0.05894","0.20721","0.05138","-0.003","0.216","0.054594595","197.441","1.259","13571743744","1252000000","691500032","2025-04-19"
"910024","22.319004","20.050814","2.197937","3.6388705","0","0.16139","0.100080006","0.026630001","0.205","0.31","0.027346939","153.508","0.663","26651088896","2763000064","-2150874880","2025-04-19"
"910025","19.302868","18.286928","2.13034","2.9164329","0","0.15045","0.113859996","0.02861","0.026","0.975","0.033704683","170.451","0.445","57515847680","6804299776","-2010387456","2025-04-19"
"910026","17.549582","16.62103","5.64602","2.8391802","0","0.16561002","0.34273","0.03727","0.088","0.06","0.011545153","169.204","1.747","176168304640","0","0","2025-04-19"
"910027","19.936117","12.0924","1.1566973","1.7525934","0","-0.05195","0.057540003","0.00754","0.088","8.656","0.019266393","23.008","0.662","47367340032","3272999936","16325749760","2025-04-19"
"910028","32.269566","32.792343","30.771145","10.292199","0","0.22267","0.31768","0.04532","-0.086","13.483","0.029724771","455.544","0.449","104231157760","5290500096","4369562624","2025-04-19"
"910029","27.532467","26.035088","2.7996829","6.178401","0","0.22438","0.10443","0.03457","0.164","0.398","0.020512296","136.702","0.386","28939632640","2044999936","-1192625024","2025-04-19"
"910030","14.06479","12.025887","8.5453615","2.4830608","0","0.18972","0.68314004","0.02264","0.115","1.841","0.01249946","70.39","2.601","44511350784","6594999808","2836875008","2025-04-19"
"910031","26.612143","21.617807","3.7706678","5.246109","0","0.19826001","0.1497","0.07501","0.018","0.129","0.0070653544","24.075","1.24","36414185472","1828848000","1517073024","2025-04-19"
"910032","36.63012","13.415094","25.332542","4.4604254","0","0.122370005","0.67553","0.064","0.109","-0.183","0.031842627","1035.886","1.257","149085257728","11489999872","13725875200","2025-04-19"
"910033","33.885418","30.120369","8.035074","5.1790023","0","0.15923999","0.26709998","0.10873","0.298","0.451","0.008491586","73.865","2.372","78838398976","2814700032","1635900032","2025-04-19"
"910034","56.136944","23.377985","2.4928582","9.362731","0","0.16747999","0.04429","0.02616","-0.036","-0.154","0.021315297","21.725","1.93","87425687552","3840506112","2997512704","2025-04-19"
"910035","46.29052","27.49682","4.354029","10.427385","0","0.22622","0.10032","0.058369998","0.096","0.029","0.0","14.222","3.008","26535704576","795740032","670905344","2025-04-19"
"910036","29.416334","21.12766","12.965277","5.05548","0","0.16906999","0.9564","0.06616","0.229","0.438","0.0070811654","278.258","1.019","79360925696","3035000064","3406625024","2025-04-19"
"910037","7.0969167","5.858182","1.1148789","0.61511904","0","0.08488","0.22242","0.07467","0.245","-0.8","0.06506181","100.865","1.152","5826407424","3620000000","1848249984","2025-04-19"
"910038","17.296043","14.950473","4.523818","2.793783","0","0.1768","0.22670001","0.01844","-0.526","-0.461","0.014775178","103.066","1.507","72325455872","3252999936","0","2025-04-19"
"910039","31.266665","23.70397","44.384853","7.4768877","0","0.24295","1.3652","0.22518998","0.04","0.071","0.005096","145.0","0.923","2959053160448","108293996544","93833871360","2025-04-19"
"910040","17.945171","14.18576","5.9960747","4.0411854","0","0.22952999","0.35186002","0.15558","0.068","-0.413","0.011578262","35.372","2.675","111678152704","7277000192","3825750016","2025-04-19"
"910041","7.4295974","7.4083095","1.3817337","0.60186946","0","0.09064999","0.17297001","0.05511","-0.002","-0.704","0.0","97.832","1.525","11864652800","2446000128","1540749952","2025-04-19"
"910042","8.272565","10.240045","1.7359587","1.9942677","0","0.24725","0.22014","0.044499997","0.144","-0.599","0.0","13.886","1.073","34780028928","6672999936","10380000256","2025-04-19"
"910043","13.10137","9.431952","1.0311146","0.26845622","0","0.02105","0.07587","0.0233","-0.064","0.004","0.043355733","51.438","1.39","22961059840","2790000128","786625024","2025-04-19"
"910044","31.92825","7.3175745","8.985361","12.765813","0","0.40725","0.33137","0.15336001","0.253","0.305","0.0","0.597","4.359","89400852480","3708235008","2822258944","2025-04-19"
"910045","50.727276","29.18617","4.083906","7.704768","0","0.13385999","0.09488","0.030280001","0.114","0","0.0072145737","67.281","1.508","84193083392","2582899968","3038374912","2025-04-19"
"910046","13.068465","10.545201","1.881066","0.80930394","0","0.064","0.15332","0.01893","0.041","0.103","0.015552753","42.013","0.437","9612507136","1332700032","901337472","2025-04-19"
"910047","18.221476","12.120536","1.8666208","1.5980585","0","0.089490004","0.10226","0.04123","0.009","0.865","0.04108068","121.359","0.665","195500081152","38770999296","15880875008","2025-04-19"
"910048","22.5702","22.064425","1.9565568","5.97841","0","0.25902998","0.09009","0.03504","0.015","0.13","0.02101593","66.587","1.556","25006008320","1770488064","-1564768256","2025-04-19"
"910049","50.776905","28.264706","21.184683","9.014372","0","0.18136999","0.49687","0.085260004","0.116","0.074","0.0","97.634","0.676","55267110912","1607000064","2106375040","2025-04-19"
"910050","30.581856","26.98068","23.5","5.9953136","0","0.19764","0.83716005","0.054569997","0.081","0.097","0.019514516","86.202","0.999","119327129600","4773400064","4454924800","2025-04-19"
"910051","24.213612","20.67158","-13.537565","3.2283473","0","0.13961","0","0.13438","0.024","-0.053","0.0","0","0.842","60281368576","3135281920","1432363648","2025-04-19"
"910052","26.72536","36.711193","2.4197502","9.767449","0","0.36499","0.09122","0.02898","0.054","0.166","0.033989806","69.094","0.5","28955006976","1607878016","1233305856","2025-04-19"
"910053","19.570448","16.240494","5.8962593","1.5408639","0","0.08051","0.31751","0.085880004","0.036","0.216","0.020517396","146.084","1.075","13491341312","938800000","779512512","2025-04-19"
"910054","116.32641","90.24678","18.417711","20.916113","0","0.18105","0.19122","0.012180001","0.336","1.369","0.0","31.41","2.303","43558346752","408312000","392341376","2025-04-19"
"910055","13.057047","15.140079","2.2799718","1.3846893","0","0.10705","0.18469","0.0563","0.077","1.68","0.022029897","39.261","1.325","38534520832","3332000000","1923124992","2025-04-19"
"910056","34.583942","13.422096","2.3389447","1.1343042","0","0.33980998","0.08805","0.04004","-0.008","0","0.016995965","101.467","0.999","13379118080","115000000","337249984","2025-04-19"
"910057","11.167165","10.221312","1.0281427","2.9021435","0","0.28582","0.094560005","0.00841","0.057","0.108","0.027323866","0","0","282822574080","0","0","2025-04-19"
"910058","0","10.031249","2.119589","1.393228","0","-0.06102","-0.042090002","0.02053","0.01","0","0.037383176","191.472","1.36","14818373632","1019000000","319000000","2025-04-19"
"910059","33.45286","12.63255","2.263702","2.7643702","0","0.08367","0.06835","0.03698","0.098","0.078","0.019411178","74.422","1.13","57056600064","3649999872","3359000064","2025-04-19"
"910060","0","0","0","0","0","0","0","0","0","0","0","0","0","0","0","0","2025-04-19"
"910061","14.4789715","9.059941","4.665362","0.3154161","0","0.02232","0.31633","0.072859995","-0.048","-0.746","0.06305551","144.836","1.026","13098599424","2098000000","1455874944","2025-04-19"
"910062","49.08163","21.963469","3.6544597","6.3578014","0","0.13222","0.07825","0.05683","0.09","0.27","0.0064032017","19.01","3.936","7604032512","304716992","272247872","2025-04-19"
"910063","10.609123","7.1194477","1.0345399","1.7943075","0","0.16869","0.10358","0.05289","0.029","0.068","0.0","40.181","1.349","17361539072","2875500032","3266925056","2025-04-19"
"910064","21.277454","17.83666","2.857143","6.4788914","0","0.30093","0","0","0.116","-0.04","0.02368962","28.816","0","135765172224","0","0","2025-04-19"
"910065","39.512123","22.365353","12.205374","12.997285","0","0.2076","0.26601","0","-0.114","-0.274","0.031303138","68.543","0","159272697856","0","0","2025-04-19"
"910066","12.453506","11.690658","1.4453405","2.9015687","0","0.25101998","0.11229","0.01082","0.061","0.19","0.024164796","0","0","54616227840","0","0","2025-04-19"
"910067","0","344.46808","-30.991577","1.8313316","0","-0.17764999","0","-0.04269","-0.308","0","0.0","0","1.319","121814687744","-12080000000","-9692999680","2025-04-19"
"910068","26.455198","21.793232","-37.48154","6.3218365","0","0.24778","0","0.18225001","0.144","3.811","0.0077078254","0","1.31","150074081280","8322999808","7449750016","2025-04-19"
"910069","76.096","34.093193","6.4426985","8.400857","0","0.11071","0.08889","0.05035","0.224","0.121","0.0","51.029","1.081","140689145856","3435000064","1807624960","2025-04-19"
"910070","0","7.002845","6.1147685","2.0739384","0","-0.18526","-0.38946998","0.06546","0.075","-0.959","0.049027555","312.772","1.253","100171227136","15189999616","16890250240","2025-04-19"
"910071","79.530235","27.713129","2.8873205","14.7442","0","0.18473","0.14845","0.069759995","0.164","1.727","0.012799953","166.032","1.004","803986472960","21259999232","25262374912","2025-04-19"
"910072","36.909233","25.224598","12.383828","4.1297836","0","0.11359","0.35341","0.08861","0.131","1.026","0.01428025","173.54","1.354","27598931968","1039600000","1067387520","2025-04-19"
"910073","33.878613","28.660147","5.221846","7.130419","0","0.21074","0.16678","0.052849997","0.152","-0.219","0.0045454544","63.073","1.097","33598533632","1174000000","859124992","2025-04-19"
"910074","0","0","0","0","0","0","0","0","0","0","0","0","0","0","0","0","2025-04-19"
"910075","12.907285","10.037768","3.091361","0.81101876","0","0.06572","0.23877001","0.09458","-0.08","-0.458","0.0","100.846","1.767","13301106688","1872691968","1272958080","2025-04-19"
"910076","9.882353","8.490322","1.0670702","0.19918117","0","0.02141","0.10438","0.03886","-0.093","-0.023","0.035611417","65.02","2.146","10578113536","1900000000","347500000","2025-04-19"
"910077","709.7778","34.160427","1.8665265","3.3333333","0","0.00422","0.01044","0.02421","0.045","0","0.062153164","213.956","1.057","11267729408","1234500992","1000691648","2025-04-19"
"910078","23.611399","19.147058","6.2803197","0.6079117","0","0.02627","0.29655","0.08492","-0.009","3.821","0.027375918","101.108","1.277","10775208960","509084000","390621760","2025-04-19"
"910079","67.589615","37.988323","15.247861","15.379858","0","0.22740999","0.26133","0.11858","0.269","0.05","0.0","56.202","2.931","71381983232","1260551040","1004660608","2025-04-19"
"910080","0","19.037313","1.2968329","0.48096502","0","-0.024719998","-0.04639","0.043119997","-0.009","0","0.0","589.077","0.769","5408451584","1075000064","-52750000","2025-04-19"
"910081","74.85333","69.30864","2.6092818","7.853902","0","0.10498","0.03487","0.020680001","-0.003","-0.817","0.03738657","73.492","0.107","12215951360","774876992","677357120","2025-04-19"
"910082","21.69364","11.005864","2.8603","1.1059166","0","0.05149","0.13423","0.064959995","0.093","-0.148","0.040705565","205.496","0.932","11190770688","1238000000","493375008","2025-04-19"
"910083","14.068281","10.393998","1.1092938","2.2753043","0","0.17337999","0.07987","0.0098","0.135","0.552","0.014994378","0","0","62334238720","18158999552","0","2025-04-19"
"910084","25.085663","15.591435","-10.898869","0.1464019","0","0.0058999998","0","0.0301","-0.038","0.087","0.015011908","0","1.015","32541626368","8000000","595875008","2025-04-19"
"910085","20.121494","17.132626","1.5862372","0.34962058","0","0.01775","0.08128","0.01806","0.068","0.788","0.0","311.168","2.31","9861859328","624438976","354984000","2025-04-19"
"910086","11.606452","10.459302","2.5685322","0.9586978","0","0.08071","0.2587","0.048130002","0.075","0","0.0","309.246","0.257","24373932032","5080000000","951500032","2025-04-19"
"910087","49.098362","19.703949","3.7365105","2.3015602","0","0.24922001","0.103590004","0.04147","0.193","5.074","0.013431324","89.232","1.253","51752882176","563000000","5363749888","2025-04-19"
"910088","13.350725","13.284425","7.215193","2.1699376","0","0.16652","0.55327","0.09675","-0.05","0.043","0.019059764","200.118","1.416","140631490560","12035000320","5219874816","2025-04-19"
"910089","30.106796","23.64597","5.3099318","5.5513086","0","0.18681","0.1851","0.09678","0.143","-0.073","0.010827177","37.37","1.777","22729834496","1100600064","766162496","2025-04-19"
"910090","37.4586","19.603334","4.161625","0.9860816","0","0.02706","0.113479994","0.03862","0.162","0.021","0.0","63.74","1.074","35269181440","1708000000","1684875008","2025-04-19"
"910091","19.00502","14.967392","8.536888","0.9504754","0","0.05133","0.49043998","0.07495","0.033","-0.108","0.016703635","271.148","1.347","19958747136","1277299968","1079374976","2025-04-19"
"910092","40.672337","17.526894","245.28656","0.1832011","0","0.00461","1.98149","0.02861","0.128","-0.188","0.007312614","2689.426","0.917","55545262080","-119254000","-164148128","2025-04-19"
"910093","9.619652","8.622159","1.1397777","0.20460044","0","0.02246","0.12557","0.03701","0.023","5.289","0.0","73.289","1.109","30110842880","154000000","653124992","2025-04-19"
"910094","23.518986","21.356321","2.270561","2.806356","0","0.1179","0.10023","0.029649999","0.037","0.292","0.02202284","196.803","1.083","24255334400","2139000064","-3061250048","2025-04-19"
"910095","11.112761","12.119741","2.552481","2.1004682","0","0.20518999","0.18503","0.07745","-0.03","0.197","0.026990553","42.756","3.081","12468379648","2271000064","1585500032","2025-04-19"
"910096","530.25","10.316149","1.5668169","1.2861073","0","0.00548","0.0070599997","0.0434","-0.011","0","0.0","79.277","1.411","5208720384","734577024","517329984","2025-04-19"
"910097","23.075758","20.039474","3.5587437","6.7570143","0","0.31708","0","0","0.181","0.402","0.013474241","121.987","0","138282303488","0","0","2025-04-19"
"910098","9.690108","9.473449","3.0868144","0.8738688","0","0.09228","0.34004003","0.055609997","0.016","0.386","0.0","493.104","0.314","48137064448","14430000128","2851624960","2025-04-19"
"910099","14.184155","12.488224","1.6012218","1.231389","0","0.09031","0.11266","0.056160003","0.086","0.434","0.048167847","19.334","1.061","240820273152","31491999744","16345624576","2025-04-19"
"910100","43.396393","36.770992","17.907063","5.770512","0","0.1356","0.45673","0.14156","0.131","0.176","0.0","124.212","1.523","65286725632","2105075968","1169095168","2025-04-19"
"910101","12.581057","12.096146","1.7874959","2.047737","0","0.16591999","0.14597","0.0301","0.091","-0.22","0.012593398","30.289","0.387","114431623168","16181999616","12631749632","2025-04-19"
"910102","44.45992","28.24933","5.941359","4.2463055","0","0.09584","0.14247","0.083380006","0.035","0.231","0.011023698","55.162","1.703","25932611584","1156199936","786350016","2025-04-19"
"910103","27.23845","10.540549","2.202761","0.36217433","0","0.0139","0.086260006","0.03925","0.284","0.384","0.016998542","77.521","0.843","89500884992","10362999808","3789625088","2025-04-19"
"910104","9.101171","18.040928","1.4842085","1.8262464","0","0.20216998","0.17608","0.052529998","-0.244","-0.658","0.024525017","6.279","0.628","20704155648","2648999936","5477250048","2025-04-19"
"910105","47.85116","43.965813","18.0872","8.190812","0","0.17532","0.40296","0.15531999","0.084","0.166","0.0073661585","58.617","1.721","83083214848","2223195904","1619095040","2025-04-19"
"910106","24.45614","14.297435","4.8707194","4.0946074","0","0.16958","0.20019","0.065560006","0.094","-0.078","0.028694406","71.21","0.867","221829431296","13603000320","13290500096","2025-04-19"
"910107","9.992102","8.79694","0.6087467","1.6448575","0","0.18622999","0.06435","0.00541","0.02","0.206","0.03558776","0","0","118132023296","0","0","2025-04-19"
"910108","11.253968","9.160207","0.6819013","2.1803443","0","0.21754","0.06367","0.00703","-0.003","0.117","0.047377326","0","0","15515330560","0","0","2025-04-19"
"910109","37.983696","19.174212","-419.75977","2.4032795","0","0.063779995","2.7610598","0.11265001","-0.153","1.075","0.035526317","2555.372","0.943","17219497984","923000000","558124992","2025-04-19"
"910110","27.17702","25.316298","3.564272","15.458613","0","0.57608","0.13249","0.01842","0.06","0.074","0.017598223","14.428","1.007","94611349504","3690500096","2680574976","2025-04-19"
"910111","21.894896","20.365923","2.7210302","2.9019928","0","0.13347","0.11225","0.02981","0.02","-0.142","0.028543716","189.643","0.792","21808476160","2369999872","-804750016","2025-04-19"
"910112","29.674797","24.579124","12.63413","6.6756043","0","0.2259","0.39549","0.09017","0.064","0.113","0.027064733","176.919","1.03","314160611328","6805000192","14962124800","2025-04-19"
"910113","15.396895","13.9158325","2.3856804","1.7402784","0","0.11350001","0.16211","0.09838","0.068","-0.022","0.017283246","10.432","2.093","34346135552","2124000000","2127500032","2025-04-19"
"910114","27.207977","24.740932","365.90036","3.8534663","0","0.14372","4.06262","0.16377","-0.001","0.029","0.021297192","1564.706","0.923","77458522112","4107000064","3401750016","2025-04-19"
"910115","8.214975","7.7648396","1.5056","1.0392907","0","0.13086","0.18707001","0.054840002","0.021","0.465","0.036959764","122.184","0.677","128592478208","27672999936","7656500224","2025-04-19"
"910116","37.25","9.416357","1.3773041","1.0302192","0","0.02804","0.03658","0.05133","-0.063","-0.53","0.0562249","92.778","0.689","12091579392","1830499968","1283399936","2025-04-19"
"910117","11.393086","11.080947","1.7520578","1.9926635","0","0.16377","0.16209","0.08403","-0.031","-0.233","0.036127836","39.12","1.291","112485851136","20124000256","6668000256","2025-04-19"
"910118","21.393131","19.946619","1.7691153","2.646724","0","0.1193","0.08442","0.029979998","0.065","-0.072","0.029791815","126.714","1.036","40378421248","3614000128","-1466375040","2025-04-19"
"910119","0","12.302571","4.8789606","3.3044846","0","-0.00797","-0.0036199999","0.09104","0.012","0","0.022072883","161.15","0.921","33734492160","3152199936","1113662464","2025-04-19"
"910120","17.397306","23.092737","4.913465","2.747578","0","0.15907","0.30115","0.05151","-0.071","0","0.006905333","66.438","1.574","64754913280","-2464000000","4225374976","2025-04-19"
"910121","38.41063","19.487745","1.9556288","4.046985","0","0.10574","0.05251","0.03797","0.036","0.284","0.0","31.251","1.988","15898580992","777200000","243000000","2025-04-19"
"910122","40.05369","34.29885","6.9451876","12.794335","0","0.32272997","0.19184999","0.12133","0.14","0.19","0.0","1.434","7.888","57656430592","1595926016","700636096","2025-04-19"
"910123","71.58621","17.974026","3.3181493","2.7117994","0","0.03857","0.051620003","0.03083","0.169","0","0.027131785","73.089","1.625","35573383168","1939000064","1139250048","2025-04-19"
"910124","22.131184","13.919297","6.9382205","5.456729","0","0.25254","0.31228","0.06565","0.104","-0.039","0.0","257.164","0.996","21688254464","1940564992","992179520","2025-04-19"
"910125","48.967213","18.610592","1.7217131","2.413255","0","0.053639997","0.035","0.02911","0.073","0","0.011317568","13.229","1.454","40803315712","2144999936","2780375040","2025-04-19"
"910126","234.41176","71.16071","4.32072","12.285108","0","0.05069","0.01863","0.00032000002","0.108","-0.38","0.0","14.928","8.963","33614510080","392600000","-202062496","2025-04-19"
"910127","58.1239","50.533535","17.253344","1.6708298","0","0.028859999","0.32894","0.087349996","0.09","0.026","0.0046499614","31.431","0.997","441242746880","11964999680","5603500032","2025-04-19"
"910128","17.233334","11.094421","1.4479359","3.766568","0","0.21377","0.08565","0.04121","-0.035","-0.286","0.032774094","28.957","2.923","19751882752","2795000064","744875008","2025-04-19"
"910129","0","87.96721","28.389389","23.549547","0","-0.00487","-0.00587","-0.0046900003","0.252","0","0.0","23.77","1.766","93106053120","1381726976","1288636928","2025-04-19"
"910130","0","38.652985","-338.52942","6.867632","0","-0.59424","-1.24936","0.03994","-0.015","0","0.061827164","0","0.501","45106606080","2943000064","1286625024","2025-04-19"
"910131","16.47619","13.6354685","4.2729235","3.640825","0","0.22658001","0.26121","0.07445","-0.07","-0.266","0.017915905","162.012","0.883","51998265344","5436000256","2121124992","2025-04-19"
"910132","9.92988","12.513765","3.7698822","1.1382722","0","0.11571","0.38356","0.07453","-0.011","0","0.0249501","67.978","1.313","38817357824","1487000064","-79125000","2025-04-19"
"910133","18.385246","10.384259","1.1220984","0.22917625","0","0.01245","0.0602","0.01993","0.036","-0.196","0.038803793","109.494","0.811","84945551360","9107000320","6909125120","2025-04-19"
"910134","35.31758","22.29475","2.7117684","5.5986395","0","0.16330999","0.075679995","0.03976","0.021","0.006","0.005664534","34.603","1.397","133667520512","6688000000","4670499840","2025-04-19"
"910135","22.521935","18.960226","10.642641","1.9920379","0","0.0896","0.48222","0.07198","0.062","0.034","0.027846567","357.83","0.386","23430946816","1667600000","765237504","2025-04-19"
"910136","13.050326","12.425021","93.10506","0.87412554","0","0.073060006","0.5174","0.071490005","0.047","0.721","0.0","576.988","1.26","11202400256","2022038016","1176344064","2025-04-19"
"910137","492.27274","24.502262","3.3814163","4.8692546","0","0.01028","0.00732","0.00698","0.164","-0.763","0.0","48.419","1.126","8569887744","281100000","260375008","2025-04-19"
"910138","17.15422","16.614779","6.0957603","3.2573707","0","0.19137","0.39797002","0.19806999","0.171","0.171","0.0","9.77","3.17","16037958656","1088840960","820262848","2025-04-19"
"910139","20.038565","20.39107","5.4583325","2.5639565","0","0.12993","0.27745","0.0496","-0.302","-0.504","0.013328323","289.674","2.213","122698137600","9006999552","1190125056","2025-04-19"
"910140","13.291536","9.021277","-39.83091","0.6192191","0","0.048049998","0","0.05351","0.072","0.237","0.021353167","0","0.779","59176919040","4520999936","-244000000","2025-04-19"
"910141","7.2429075","5.819088","1.7153053","0.43066457","0","0.05909","0.27521","0.04735","0.021","5.486","0.011086474","151.356","0.378","26673211392","7994999808","1395000064","2025-04-19"
"910142","6.6469297","6.795964","1.3612071","1.2957399","0","0.19056","0.21857001","0.093100004","0.176","-0.445","0.049488056","62.949","1.036","19657670656","6600000000","-1725250048","2025-04-19"
"910143","48.288734","33.778324","12.740617","6.666694","0","0.14287","0.27628002","0.05883","0.076","-0.408","0.0","123.362","1.467","26886776832","989500032","552724992","2025-04-19"
"910144","8.862846","9.401639","1.061349","3.8327415","0","0.31607","0.1292","0.06336","0.661","0.119","0.047688525","32.861","0.439","40477585408","6413000192","2189625088","2025-04-19"
"910145","93.63354","124.58678","2.4624708","9.510834","0","0.110860005","0.02664","0.0089","0.045","5.696","0.032932922","79.457","1.417","51689762816","2261477120","2244832000","2025-04-19"
"910146","9.008466","12.579197","2.3782778","3.0897534","0","0.34887","0.28202","0.030299999","0.566","2.527","0.017913122","90.673","1.024","40163704832","8424999936","0","2025-04-19"
"910147","18.213306","14.963023","2.7610655","0.50404596","0","0.027709998","0.15890001","0.03917","0.045","-0.524","0.026410025","235.555","1.189","20470468608","2996064000","1323330688","2025-04-19"
"910148","16.385094","13.059406","4.279457","0.9683232","0","-0.17238002","0.18466999","0.04654","-0.421","0","0.0","196.877","1.061","17021669376","2862500096","897524992","2025-04-19"
"910149","24.16818","15.730768","1.7249546","3.1338453","0","0.1469","0.06489","0.02706","-0.038","0","0.05032039","141.186","0.712","45312270336","5017999872","2703000064","2025-04-19"
"910150","27.931778","26.459185","-4.1348333","3.4012678","0","0.12412","0","0.32209","0.031","0.215","0.013066523","0","0.561","16007781376","624897024","405704384","2025-04-19"
"910151","624.9656","101.82023","9.747755","7.1011195","0","0.011469999","0.016","0.00274","0.248","0","0.0","6.863","1.664","76138201088","2132000000","1864499968","2025-04-19"
"910152","15.980159","17.11796","3.1784368","2.850272","0","0.3482","0.23216","0.06764","0.013","3.847","0.012657446","45.486","2.042","22077947904","748379008","1136424576","2025-04-19"
"910153","17.929935","9.051447","1.141247","0.46241632","0","0.025980001","0.06499","0.024330001","-0.02","0","0.10192938","98.997","1.613","19867254784","2913999872","-127375000","2025-04-19"
"910154","9.192571","7.611425","2.0078492","1.0596333","0","0.12154","0.17649001","0.09854999","-0.151","-0.309","0.0051046456","26.222","7.293","37421264896","2870400000","4665987584","2025-04-19"
"910155","19.726736","18.522884","2.3649726","2.2247756","0","0.11271","0.123380005","0.028299998","0.012","-0.303","0.03143463","198.573","0.706","27714029568","3643000064","-1684999936","2025-04-19"
"910156","21.368422","19.211357","1.9228646","3.1616652","0","0.15113","0.09077","0.027309999","0.027","0.199","0.034399666","166.689","0.669","94641283072","12327999488","-1836999936","2025-04-19"
"910157","33.9774","13.699317","1.0765816","2.0320094","0","0.056760002","0.03207","0.03112","0.067","0","0.025654009","31.846","1.326","25168467968","1847000064","2023000064","2025-04-19"
"910158","10.007823","8.8229885","1.5290532","0.9446504","0","0.09646","0.15955","0.057919998","0.017","0.065","0.042453445","89.2","1.514","8862709760","1287000064","551374976","2025-04-19"
"910159","28.244211","22.26722","5.7022634","4.225398","0","0.1525","0.20201999","0.07605","0.046","0.028","0.013969386","53.883","1.502","105119457280","4327000064","2847124992","2025-04-19"
"910160","16.774683","12.693487","6.050589","3.0027387","0","0.19206","0.34291","0.06874","0.007","-0.062","0.016496105","152.443","1.241","30877161472","2414000128","2709874944","2025-04-19"
"910161","32.348236","31.830666","10.176911","4.301504","0","0.13419","0.25287","0.07545","0.178","0","0.010001695","103.915","1.257","67711700992","2813900032","1933025024","2025-04-19"
"910162","17.33837","10.068421","1.5864109","1.2555557","0","0.07296","0.07197","0.02892","0.075","-0.101","0.05624001","212.858","0.848","22096527360","5014000128","-1554875008","2025-04-19"
"910163","30.568377","29.195917","4.2108674","7.70274","0","0.76746005","0.16636999","0.082559995","0.094","0.042","0.0","6.956","4.176","41899053056","542300032","1350862464","2025-04-19"
"910164","37.05089","17.070341","5.138149","5.1651816","0","0.14278","0.14038","0.07121","-0.032","0.01","0.0053158","30.747","1.376","37948588032","2110000000","1651124992","2025-04-19"
"910165","16.531542","12.146781","2.33745","0.543567","0","0.03382","0.14774","0.05091","0.066","-0.512","0.014987127","77.35","1.452","96108077056","5808000000","6845499904","2025-04-19"
"910166","28.047888","15.754746","2.7402577","3.199289","0","0.13738","0.07704","0.04448","0.014","3.12","0.021313468","31.298","1.543","56147525632","3694000128","3876000000","2025-04-19"
"910167","70.05334","14.355191","8.354269","5.1808486","0","0.07716","0.11302","0.01705","0.265","1.971","0.0","159.81","3.525","6892512768","513692992","388504128","2025-04-19"
"910168","33.987755","10.758398","2.3714864","3.0194807","0","0.08886","0.069520004","0.028369999","0.006","-0.71","0.028088521","190.276","0.719","35870384128","4488509952","-2014535552","2025-04-19"
"910169","9.822222","9.990958","2.0977693","2.5958605","0","0.27271998","0.22294001","0.1112","-0.064","-0.371","0.03422949","19.734","2.097","60945612800","12142999552","4579624960","2025-04-19"
"910170","18.770409","13.151029","2.3059685","1.7625185","0","0.096140005","0.12798999","0.08299","0.079","0.059","0.0","4.496","2.955","8333082112","559168000","669113856","2025-04-19"
"910171","113.288895","20.230158","1.4772958","6.040819","0","0.04573","0.0124","0.00661","0.313","-0.167","0.0123893805","38.82","0.697","30457542656","2826972928","818168128","2025-04-19"
"910172","45.618557","23.512222","5.7192707","4.8602877","0","0.10634","0.12642999","0.05599","0.07","0.314","0.0071141915","105.039","0.751","27611779072","1324499968","760912512","2025-04-19"
"910173","92.6319","59.05456","5.6823664","8.8464155","0","0.09328","0.062459998","0.02971","0.069","0","0.02188333","139.913","1.469","77291134976","3248999936","2808000000","2025-04-19"
"910174","25.088234","40.378696","2.348245","9.21573","0","0.34758","0.09247","0.026659999","0.054","0.345","0.040268455","72.742","0.12","27463870464","1573607040","1384989312","2025-04-19"
"910175","35.828247","30.667912","10.813051","5.6621566","0","0.15818","0.32893002","0.16552","0.13","0.371","0.012600757","0.378","1.427","21488535552","611249024","369283008","2025-04-19"
"910176","23.875977","45.729237","3.1958811","10.420099","0","0.40683997","0.14262","0.02846","0.176","2.937","0.036042664","115.698","0.257","18992257024","1068305024","817559104","2025-04-19"
"910177","0","20.174074","4.6997414","1.2910963","0","-0.046129998","-0.1299","0.043470003","-0.064","0","0.044246107","225.066","1.371","19593676800","1810000000","1895250048","2025-04-19"
"910178","11.014479","5.26448","1.0844691","0.8694888","0","0.07997","0.10141","0.01809","0.196","0","0.022295741","26.76","1.366","14927383552","4957000192","-24042874880","2025-04-19"
"910179","18.03958","16.923267","1.5794946","2.6894445","0","0.14939","0.090050004","0.02868","0.059","0.348","0.038484354","142.309","0.502","15725988864","1983699968","-679012480","2025-04-19"
"910180","25.303965","12.016736","1.4001901","1.771744","0","0.0682","0.05549","0.03061","0.103","0","0.049259383","192.423","0.755","21085188096","2159737088","-2373063936","2025-04-19"
"910181","19.289795","17.96958","1.7642885","2.0718627","0","0.10682999","0.0934","0.02545","0.019","0.049","0.032681145","174.232","0.872","47710855168","5568999936","-2026625024","2025-04-19"
"910182","0","25.110851","1.4048768","5.817227","0","-0.16764","-0.05047","-0.014249999","0.759","0","0.023293557","33.163","0.639","24775569408","1564999936","1100875008","2025-04-19"
"910183","16.888268","10.525765","12.503101","1.422594","0","0.090129994","0.43832","0.04724","0.103","1.265","0.0","235.584","0.721","19476733952","3084999936","1859250048","2025-04-19"
"910184","18.653847","19.832712","6.6240377","1.3865998","0","0.07642","0.35157","0.14029","0.297","0.486","0.013841487","25.561","1.771","14698671104","723361024","501746880","2025-04-19"
"910185","35.1194","29.535563","2.1458535","9.371905","0","0.25605","0.05947","0.032899998","0.033","0.214","0.046881784","88.633","1.335","31282522112","1887430016","729878144","2025-04-19"
"910186","13.637754","13.585769","1.7649388","1.3579079","0","0.09889","0.14515","0.062459998","-0.02","-0.003","0.036855742","17.852","1.308","462459994112","55021998080","24651999232","2025-04-19"
"910187","25.706757","16.792856","4.646078","5.158962","0","0.20583001","0.19513","0.07897","0.107","0.203","0.0","8.478","1.475","14909460480","829883008","753942144","2025-04-19"
"910188","30.30873","22.861347","7.887592","7.18887","0","0.24067","0.28119","0.10808","0.045","0.028","0.009737143","80.856","1.469","16205308928","661723008","514323008","2025-04-19"
"910189","87.71553","51.350285","-40.99068","26.27735","0","0.30656","0","0.28855","0.152","0.26","0.0","0","1.798","46653726720","704841024","593579264","2025-04-19"
"910190","40.79","37.25114","12.681486","6.149035","0","0.15132","0.32351002","0.20121","0.034","0.003","0.019888131","13.435","4.277","46796001280","1099900032","683987520","2025-04-19"
"910191","27.40351","30.527689","2.6657565","6.7155275","0","0.24486","0.091529995","0.031059999","0.07","0.022","0.0475725","133.197","0.685","8096321024","574563008","387784992","2025-04-19"
"910192","13.053459","9.123077","1.8650649","0.5662902","0","0.04462","0.14762","0.04879","0.139","-0.107","0.027117312","0","1.239","49728774144","7215000064","4111624960","2025-04-19"
"910193","52.52113","13.061296","2.5227482","3.9009016","0","0.14318","0.04546","0.026889998","0.034","0.129","0.020979023","73.51","0.851","39504429056","2071000064","3329999872","2025-04-19"
"910194","10.84127","9.356165","1.3050292","2.866332","0","0.29107","0.11923","0.010829999","-0.054","0.17","0.0","0","0","22787340288","2824000000","0","2025-04-19"
"910195","10.647254","6.135187","1.7175066","3.2628706","0","0.30717","0.17621","0.077470005","0.307","0.126","0.0","9.01","2.45","13724575744","1217998976","-363262368","2025-04-19"
"910196","24.717648","14.539792","1.9453703","1.8252925","0","0.07361","0.09149","0.02894","0.01","0.491","0.04129902","176.866","0.556","24250834944","2891000064","-1695624960","2025-04-19"
"910197","38.784386","20.47694","4.3477173","5.6976957","0","0.15306","0.10899","0.043730002","0.068","0.078","0.0","92.502","1.06","116552056832","6631000064","4454624768","2025-04-19"
"910198","6.5958905","5.502857","0.85130835","0.20700449","0","0.03178","0.13448","0.01164","0.049","0","0.063829795","358.603","1.165","38294175744","15422999552","859000000","2025-04-19"
"910199","42.535397","39.887962","49.34805","12.411677","0","0.29303","3.38742","0.13209","0.173","0.693","0.0","71.857","1.471","73921470464","2258099968","1834850048","2025-04-19"
"910200","27.728815","15.693046","2.1914873","3.5733783","0","0.13365","0.08118","0.04211","0.023","-0.213","0.004923077","38.025","1.158","22268577792","1526800000","1227012480","2025-04-19"
"910201","10.293992","12.86059","1.8961225","1.3800105","0","0.14393","0.20055","0.08124","0.199","2.422","0.01098218","68.766","2.498","20949938176","2171000064","1484375040","2025-04-19"
"910202","9.564378","18.965958","1.7617297","1.3800112","0","0.14393","0.20055","0.08124","0.199","2.422","0.011856822","68.766","2.498","20949950464","2171000064","1484375040","2025-04-19"
"910203","27.515627","6.7730775","0.7404137","1.0587927","0","0.04315","0.04018","0.02474","0.131","-0.349","0.07122508","24.264","5.36","9252259840","1078000000","-1130187520","2025-04-19"
"910204","25.307693","15.231482","2.689007","1.8573799","0","0.07421","0.15686","0.080819994","-0.031","-0.294","0.018007204","33.838","2.419","47279603712","7160000000","2360750080","2025-04-19"
"910205","26.110958","25.550938","4.674334","5.824153","0","0.22415","0.18996","0.10927","0.229","-0.196","0.015876375","2.074","3.539","36674125824","1432471040","977273280","2025-04-19"
"910206","25.118824","30.4511","22.866495","4.9383755","0","0.20004","1.2292501","0.08908","0.081","0.91","0.0","213.366","1.057","30950828032","1484921984","951341760","2025-04-19"
"910207","29.850573","34.69275","10.091595","5.009911","0","0.1694","0.27644","0.03271","0.143","0.196","0.0061386684","104.155","1.094","193893564416","4710000128","4416875008","2025-04-19"
"910208","14.370967","13.35546","3.374452","1.4515893","0","0.10130999","0.25686002","0.05771","0.022","0.789","0.0020331815","108.368","1.036","28555667456","1951000064","1864875008","2025-04-19"
"910209","58.087967","46.8913","9.350615","2.5315895","0","0.04443","0.16434","0.01602","0.051","1.457","0.0007624043","10.016","1.078","88441085952","2583000064","3543624960","2025-04-19"
"910210","23.970589","9.979592","7.001718","3.862743","0","0.16431999","0.28059","0.07944","0.04","0.12","0.020576132","396.606","0.351","15068559360","2146000000","2195375104","2025-04-19"
"910211","20.765799","13.607796","2.6700447","1.5503569","0","0.07363","0.13079001","0.06576","0.161","0.214","0.0","55.765","1.967","6660076032","741300992","571386112","2025-04-19"
"910212","20.240467","17.169153","3.3777862","1.5528313","0","0.07926","0.17444","0.05386","0.143","0.142","0.02053284","48.389","1.368","74094895104","4105999872","2304000000","2025-04-19"
"910213","12.63956","12.236171","3.3991368","1.6031386","0","0.13024999","0.26834","0.07201","-0.05","-0.066","0.04232336","149.142","0.667","31492534272","3170299904","1192574976","2025-04-19"
"910214","6.9968605","4.216651","0.7066527","0.23659177","0","0.03205","0.08906999","0.02876","0.11","0","0.010854816","199.645","1.128","44347236352","20128999424","2219624960","2025-04-19"
"910215","17.63524","13.471074","3.6507328","0.6742163","0","0.03849","0.2062","0.051810004","0.033","-0.58","0.03566016","139.849","1.156","15835026432","1251250944","384148864","2025-04-19"
"910216","275.10526","14.069987","6.73843","4.532333","0","0.01669","0.02286","0.110290006","0.064","0.248","0.029366896","141.962","1.597","130322702336","10828000256","10130750464","2025-04-19"
"910217","11.275974","5.4265623","0.775353","1.689959","0","0.15539","0.07026","0.03258","0.034","0.57","0.0118877785","74.632","0.965","17078546432","3532683008","3336414464","2025-04-19"
"910218","10.154942","8.948339","1.9191806","1.7468101","0","0.18531","0.21869","0.032279998","0.036","-0.071","0.007919485","58.649","0.626","10093189120","1402439936","1441969536","2025-04-19"
"910219","26.673912","25.600595","35.049988","5.3096595","0","0.20487","2.48416","0.07382","0.084","-0.822","0.0","562.737","0.723","24282134528","1287699968","887750016","2025-04-19"
"910220","11.821114","12.259143","1.5015959","2.985152","0","0.28056","0.12255","0.008590001","0.063","0.147","0.023544736","535.484","2.753","158344396800","0","0","2025-04-19"
"910221","7.961131","6.9323077","1.8613682","0.8464275","0","0.109","0.25184","0.09762","-0.022","-0.07","0.031731218","83.163","2.047","19420432384","3864999936","1595500032","2025-04-19"
"910222","11.381642","10.146426","2.1022952","1.2657957","0","0.117130004","0.19582","0.0323","0.074","0.106","0.016474605","27.427","1.905","33619533824","5909000192","5048875008","2025-04-19"
"910223","19.145454","11.884876","6.3456674","1.7839763","0","0.09324","0.34717998","0.07274","-0.145","0","0.0539707","297.468","1.6","7377634304","847400000","503700000","2025-04-19"
"910224","15.220809","13.646029","-33.511055","1.168229","0","0.08158","8.24396","0.11392","0.057","-0.105","0.007975831","8150.811","1.082","82480472064","10513999872","3915749888","2025-04-19"
"910225","52.083332","75.0","1.561069","4.850554","0","0.09004","0.03345","0.01613","0.261","-0.936","0.06494104","99.621","0.865","13098674176","1070497024","798478144","2025-04-19"
"910226","21.222952","12.448078","2.3685462","0.62575567","0","0.030769998","0.079679996","0.044850003","0.058","4.222","0.0","59.396","1.421","7930202112","848000000","800374976","2025-04-19"
"910227","15.241536","19.832144","7.151013","3.0123353","0","0.19827999","0.50404","0.15055999","0.087","1.282","0.03336784","115.545","0.957","33744971776","2531596032","1164925824","2025-04-19"
"910228","14.564102","17.189474","3.57663","3.1913016","0","0.21869","0.29178","0.11536","0.065","0.312","0.014654162","78.814","1.123","40408260608","5600000000","61750000","2025-04-19"
"910229","7.2788467","7.209524","0.7883364","0.6368924","0","0.09028","0.12060001","0.02473","0.163","0.62","0.034946237","70.88","1.326","19887601664","3887000064","1457624960","2025-04-19"
"910230","34.219513","26.339174","-13.6540575","10.625109","0","0.32342997","0","0.092209995","0.045","2.435","0.0028695778","0","0.696","50426765312","2012999936","1631250048","2025-04-19"
"910231","18.215189","12.194916","2.7199697","3.2167904","0","0.1842","0.15784","0.07102","0.009","-0.185","0.0","53.221","3.485","12992616448","1254499968","902825024","2025-04-19"
"910232","23.813547","22.760256","53.152695","2.2123706","0","0.092819996","3.8537202","0.15585","0.141","0.07","0.026156826","950.075","1.105","352904085504","19810000896","11604124672","2025-04-19"
"910233","22.571756","17.856495","6.861411","3.2849586","0","0.14819","0.32244998","0.074990004","0.069","0.017","0.022609685","168.18","1.313","126464335872","6096999936","4256000000","2025-04-19"
"910234","22.15942","18.094673","2.0940902","1.4116315","0","0.06352","0.09523","0.04913","-0.003","-0.221","0.03770709","35.547","2.452","16816339968","1171964032","615775744","2025-04-19"
"910235","13.797979","14.082474","1.444891","1.6865119","0","0.12247","0.10395","0.03845","0.076","-0.182","0.059656974","83.267","1.687","9597938688","1498000000","1182875008","2025-04-19"
"910236","43.854095","38.873817","11.104803","6.708223","0","0.15545","0.26889","0.0959","0.092","0.331","0.0020979585","76.219","2.17","49842098176","1298000000","777625024","2025-04-19"
"910237","8.571942","6.6194444","-20.995594","0.41695333","0","0.05045","0","0.06874","0.024","-0.092","0.047550067","0","0.723","22464612352","4001999872","2895000064","2025-04-19"
"910238","23.588726","19.129232","5.575715","3.226397","0","0.13819","0.25389","0.101560004","-0.009","0.152","0.0146998055","52.384","1.64","18159775744","991200000","719825024","2025-04-19"
"910239","26.527584","15.705463","1.9485314","0.271065","0","0.010249999","0.07411","0.04066","0.104","0","0.012394524","76.899","1.76","31920885760","2966000128","-1310625024","2025-04-19"
"910240","10.515385","10.201492","1.1194824","2.8666465","0","0.27926","0.10005","0.0099599995","0.162","1.181","0.0","0","0","19914592256","1815000064","0","2025-04-19"
"910241","15.722063","13.997448","1.8405802","0.7465479","0","0.04768","0.12559","0.03559","-0.054","-0.551","0.024350649","74.132","1.079","8611429376","393000000","78250000","2025-04-19"
"910242","37.19782","22.50801","8.100746","3.5287542","0","0.095979996","0.24057","0.03063","0.01","-0.114","0.027958252","213.179","1.04","221439918080","13445000192","7379874816","2025-04-19"
"910243","24.691265","19.242956","3.2792623","3.788991","0","0.15449001","0.13758","0.06996","0.094","0.134","0.016821062","55.03","2.529","12385454080","668099968","513912512","2025-04-19"
"910244","38.601315","34.405518","21.049158","8.555922","0","0.22780001","0.57657003","0.22694999","0.058","0.111","0.0","61.865","1.311","33346738176","929001024","734987008","2025-04-19"
"910245","19.729914","21.573832","20.466352","4.2596936","0","0.2194","1.1020501","0.17541","-0.013","0.046","0.02523934","243.533","1.359","67720609792","3280999936","2697625088","2025-04-19"
"910246","388.06665","9.480456","3.2660046","2.6560848","0","0.00769","0.0075499997","0.00863","0.163","0.001","0.0","1.75","1.973","11265032192","335336992","619452608","2025-04-19"
"910247","34.970875","20.350283","2.8512626","4.0135593","0","0.11590999","0.08424","0.05415","0.042","0.0","0.0011210762","48.61","2.289","29038100480","1396700032","991987520","2025-04-19"
"910248","42.69896","63.772614","14.298957","8.366384","0","0.20191999","0.43028","0.06803","0.172","-0.025","0.0","118.372","3.579","17331800064","430300000","155275008","2025-04-19"
"910249","0","19.515463","0.82570004","1.5545088","0","-0.35321","-0.17891","-0.01233","-0.074","0","0.01950078","48.277","1.327","82545967104","8288000000","-13195374592","2025-04-19"
"910250","33.188282","23.537092","3.2936096","9.822002","0","0.29680002","0.10474","0.020079998","0.055","0.871","0.011360767","74.82","0.995","91138359296","4608999936","2923875072","2025-04-19"
"910251","76.31579","15.726681","1.335987","1.6144886","0","0.02116","0.0173","0.015149999","0.025","0","0.022516185","69.161","1.845","18540787712","1070000000","-999750016","2025-04-19"
"910252","29.477705","15.426666","1.9672688","1.3121059","0","0.02992","0.0674","0.02627","-0.005","0","0.039956804","73.523","1.509","24430100480","1678000000","1051249984","2025-04-19"
"910253","13.081967","8.705455","2.3477495","0.9710062","0","0.075050004","0.17990999","0.047670003","-0.058","-0.256","0.056725398","108.811","1.087","8921217024","1055200000","773337472","2025-04-19"
"910254","54.65733","26.332884","9.123326","9.5328245","0","0.17691","0.17424999","0.08257","0.41","-0.146","0.006597742","0","1.272","163649994752","5799000064","4621749760","2025-04-19"
"910255","75.193146","61.4173","10.475219","20.707808","0","0.27809","0.15621","0.08667","0.252","0.131","0.0","0.883","4.074","172953681920","2415000064","1197112448","2025-04-19"
"910256","10.847458","6.7724867","0.5435706","0.94483286","0","0.12771","0.04764","0.02306","0.127","0","0.06487341","8.587","0.93","5732300800","1190000000","571075008","2025-04-19"
"910257","45.43243","45.43243","2.1108809","7.954121","0","0.17522","0.04558","0.02352","0.058","0.105","0.034200966","84.073","2.882","20605126656","1081805056","971914880","2025-04-19"
"910258","19.239305","11.92295","4.177116","1.6470947","0","0.08913","0.22547","0.05317","0.023","-0.068","0.0","238.734","0.838","25373493248","2716000000","1838625024","2025-04-19"
"910259","138.04918","42.964283","-49.130688","4.0221615","0","0.029289998","2.25057","0.041890003","0.114","2.649","0.03303885","0","0.548","24735928320","1196707968","-408300864","2025-04-19"
"910260","23.453718","17.998608","3.3152049","1.0712364","0","0.04651","0.13971","0.061100002","-0.008","-0.077","0.013869959","40.848","0.891","12924033024","0","0","2025-04-19"
"910261","30.414413","13.490508","10.892957","0.52806336","0","0.01763","0.24104","0.0461","-0.006","-0.874","0.0023903789","242.489","1.024","14495867904","1696000000","1571374976","2025-04-19"
"910262","30.96036","27.188292","6.3405905","5.5100493","0","0.17825001","0.21903","0.112959996","0.052","0.064","0.012799627","10.412","1.166","12526011392","535912000","279691872","2025-04-19"
"910263","32.02732","17.627068","3.4260828","1.2358066","0","0.05303","0.0817","0.04547","0.044","0","0.0099502485","60.421","1.255","14364607488","743768000","1129053696","2025-04-19"
"910264","17.51613","14.8556595","5.3016634","4.248011","0","0.24415001","0","0","0.024","2.379","0.032226626","52.922","0","379479097344","0","0","2025-04-19"
"910265","36.070423","18.336515","3.1920729","2.1890666","0","0.07553","0.08182","0.03691","0.042","0.12","0.019306026","65.324","1.019","50718482432","2591000064","1937874944","2025-04-19"
"910266","11.376165","13.856631","1.945353","3.8205419","0","0.35379001","0.17352","0.01413","0.048","0.091","0.021993816","0","0","644640014336","0","0","2025-04-19"
"910267","39.918606","17.338385","2.38668","2.2618513","0","0.056739997","0.062069997","0.02329","0.029","0.303","0.02551464","39.137","1.456","11475729408","788099968","729562496","2025-04-19"
"910268","21.229382","68.64166","7.5299387","2.2304058","0","0.105340004","0.37402","0.08288","-0.016","12.519","0.027463848","164.657","0.806","28435443712","1760000000","600625024","2025-04-19"
"910269","43.31481","19.17213","4.6298494","2.9037957","0","0.06665","0.09866","0.06882","-0.001","-0.104","0.035635725","90.184","0.963","44878159872","1768999936","1620000000","2025-04-19"
"910270","33.714287","17.268293","1.9809737","3.1287181","0","0.09387","0.057729997","0.040209997","0.053","0","0.025348902","75.609","0.494","48028950528","2219000064","1293124992","2025-04-19"
"910271","0","9.147436","1.0074838","3.7433586","0","-0.03798","-0.00994","-0.00087","-0.429","0","0.0","0","0","15868097536","664000000","0","2025-04-19"
"910272","38.813755","19.434721","4.5129266","4.665002","0","0.121759996","0.122150004","0.05746","0.031","-0.017","0.0","38.944","2.953","23408979968","1102000000","700499968","2025-04-19"
"910273","18.915232","18.716906","56.40205","2.3613133","0","0.12687999","2.5237398","0.11748","-0.008","-0.122","0.034932","811.897","0.797","47363219456","3233999872","2126875008","2025-04-19"
"910274","37.436363","29.414286","1.3133891","6.86833","0","0.20166","0.04078","0.021300001","0.163","0.189","0.048115082","79.317","3.174","13990884352","1005620992","865840256","2025-04-19"
"910275","23.36207","21.507936","1.9674749","3.8852544","0","0.16672","0.0845","0.03728","0.104","-0.039","0.04285714","103.392","0.446","60217556992","0","0","2025-04-19"
"910276","31.515245","17.029654","3.882004","3.6103446","0","0.11643","0.081520006","0.01449","-0.238","0.082","0.006859382","82.822","0.788","95391801344","6649878016","0","2025-04-19"
"910277","26.667927","19.330591","23.529652","7.7724566","0","0.29578","0.96809","0.17688999","0.237","0.415","0.0094208885","169.411","2.362","84307501056","3647345920","2469033472","2025-04-19"
"910278","13.035398","9.596091","0.7157608","1.3602711","0","0.10617","0.05545","0.03862","-0.041","1.815","0.055536274","41.46","1.055","35157565440","4184000000","2179375104","2025-04-19"
"910279","19.405994","15.550219","5.7724104","0.31992874","0","0.01811","0.26879","0.056339998","-0.006","-0.884","0.018113317","229.201","0.958","47068872704","5793999872","2096375040","2025-04-19"
"910280","27.692894","15.164698","2.1224322","1.920909","0","0.07043","0.07873","0.0394","0.034","1.867","0.02119883","66.296","1.077","40963387392","2559000064","2776875008","2025-04-19"
"910281","24.561085","13.553058","2.2488062","1.3964384","0","0.057350002","0.09364","0.04052","0.098","0","0.013057079","91.113","1.443","18166126592","1585799936","885662528","2025-04-19"
"910282","19.379938","14.932084","9.30124","5.0494","0","0.26489002","0.50422","0.15589","0.164","0.248","0.013202334","56.565","2.544","81846165504","4557679104","3125586944","2025-04-19"
"910283","21.003923","10.75502","4.6268144","1.1832942","0","0.05746","0.2164","0.07366","0.043","-0.001","0.027153559","261.312","1.354","7558173184","802000000","15387500","2025-04-19"
"910284","16.719387","11.916364","8.139593","2.049584","0","0.12798999","0.48238","0.07221","-0.007","-0.152","0.026679222","441.139","0.74","23156199424","3204000000","1155124992","2025-04-19"
"910285","15.121474","13.341627","4.1448402","1.0728362","0","0.07526","0.28699","0.08794","0.097","0.24","0.011007863","121.39","1.212","17875595264","1392000000","1059750016","2025-04-19"
"910286","7.644526","6.488848","1.2155576","0.76806253","0","0.10438","0.15213999","0.08224","0.044","-0.278","0.019462826","16.9","8.668","27465967616","1746470016","9169278976","2025-04-19"
"910287","24.695826","23.80779","23.284489","3.6955297","0","0.15107","1.42122","0.20614","0.165","0.368","0.008305042","175.088","1.435","19738933248","945699968","611587520","2025-04-19"
"910288","71.91438","37.067963","53.12168","16.745773","0","0.23511","0.84264","0.15329","0.447","1.014","0.007075792","244.616","1.154","754274861056","8817899520","1320087552","2025-04-19"
"910289","33.219692","26.673744","5.6169558","6.478199","0","0.19891001","0.16721001","0.06903","-0.002","0.118","0.012410992","57.255","0.89","213812969472","9422999552","3075249920","2025-04-19"
"910290","46.430656","52.570248","170.3079","1.2697647","0","0.03871","0.67384005","0.0403","-0.024","0","0.0","425.218","0.993","29402195968","1725175040","1046179776","2025-04-19"
"910291","15.980988","11.610497","1.8098437","0.7570172","0","0.048070002","0.11349","0.05606","-0.041","-0.119","0.028999517","93.004","1.714","10866981888","1120999936","789124992","2025-04-19"
"910292","20.792114","16.509426","17.220676","1.5323203","0","0.07511","0.81044996","0.08306","-0.013","-0.718","0.026725078","338.197","1.125","108860628992","6972000256","5397624832","2025-04-19"
"910293","13.310452","29.420689","1.0733696","1.0249218","0","0.080749996","0.0867","0.01751","0.068","-0.581","0.0029342724","52.127","0.506","17946380288","3024999936","1604000000","2025-04-19"
"910294","17.92144","17.339666","-8.617637","1.4649215","0","0.08314","0","0.1567","-0.003","0.102","0.021221025","0","1.085","122575831040","9624999936","6614875136","2025-04-19"
"910295","17.150272","16.817146","7.0423245","2.8607082","0","0.17138","0.42417","0.21314","0.127","0.118","0.0","36.443","2.164","30289539072","2272712960","1416488576","2025-04-19"
"910296","13.712561","6.5934963","1.4754652","0.45475304","0","0.03375","0.105749995","0.047220003","-0.044","0","0.094208084","103.821","1.829","18327455744","3819000064","1792499968","2025-04-19"
"910297","10.732082","9.842137","0.9792752","2.9647927","0","0.30063","0.09405","0.012410001","0.056","0.1","0.03398364","0","0","26045706240","0","0","2025-04-19"
"910298","12.670635","12.521569","2.274419","0.28555965","0","0.024719998","0.18127","0.04366","-0.091","-0.744","0.027968083","117.351","1.174","39788740608","8664999936","4011249920","2025-04-19"
"910299","30.971115","27.358446","6.1040473","10.386773","0","0.33556","0.20448999","0.111999996","0.026","-0.064","0.013289633","5.238","10.274","8487001088","385236992","632174144","2025-04-19"
"910300","26.459785","20.793396","-20.381912","9.171194","0","0.35887","0","0.09340999","0.029","-0.463","0.011015129","0","0.403","60694962176","2748999936","1950499968","2025-04-19"
"910301","27.035625","23.337221","7.708771","4.4359517","0","0.16600001","0.31785","0.0775","0.092","0.042","0.014093031","161.522","1.133","108494512128","4302000128","3891500032","2025-04-19"
"910302","15.244911","23.71593","3.1959443","4.5824804","0","0.30523002","0.22822","0.055710003","0.014","0.039","0.0062312908","63.716","2.502","29951090688","1459000064","1491874944","2025-04-19"
"910303","16.37766","13.932127","-46.90023","1.6649886","0","0.10501","27.3125","0.16524","-0.029","-0.047","0.019053876","0","1.75","13033530368","1075000064","808625024","2025-04-19"
"910304","37.325397","31.58303","72.914734","16.744911","0","0.45706","1.90557","0.22715999","0.144","0.197","0.0053366576","291.42","1.026","471653941248","14780000256","14463750144","2025-04-19"
"910305","14.366337","11.701613","-114.70356","2.088724","0","0.15844","0","0.11895","-0.007","-0.311","0.0066317627","0","2.544","7267449344","932718976","772032640","2025-04-19"
"910306","25.972412","24.141026","3.7248404","3.001916","0","0.11667","0.14659001","0.05165","0.002","-0.022","0.023252651","79.045","0.649","20192387072","899000000","535049984","2025-04-19"
"910307","27.33099","24.686756","-58.636276","8.588037","0","0.31725","0","0.13307","-0.003","-0.011","0.021934649","0","1.191","222601904128","9447000064","5127249920","2025-04-19"
"910308","31.946838","18.937244","-28.480145","0.25353035","0","0.0082","0","0.05243","0.178","0.492","0.003828991","0","0.884","87362248704","2484000000","2061374976","2025-04-19"
"910309","25.182926","14.119658","2.1462908","3.190994","0","0.12832","0.08442","0.04656","0.025","-0.021","0.033736397","53.627","1.901","105937805312","7293000192","5070249984","2025-04-19"
"910310","11.5727005","8.297873","4.2569447","3.0588207","0","0.26674998","0.40789002","0.13903","0.068","0","0.0402825","82.528","1.365","196278419456","21468000256","17829249024","2025-04-19"
"910311","21.008797","19.821344","6.9577527","7.723843","0","0.37909","0.37140998","0.16863","0.206","0.487","0.003981605","27.25","2.978","1270579855360","91328004096","36095000576","2025-04-19"
"910312","12.213805","7.4871006","1.8219031","0.6962764","0","0.06235","0.15336001","0.00508","-0.019","1.094","0.03005579","233.412","1.543","49423093760","14597999616","2876499968","2025-04-19"
"910313","24.813828","23.590612","-165.91711","5.408683","0","0.2229","0","0.21506001","0.118","0.365","0.0","0","1.022","20944371712","968345984","723138880","2025-04-19"
"910314","12.041666","12.565217","2.8137474","0.47866377","0","0.0433","0.26327","0.02456","-0.006","-0.498","0.0","856.293","1.302","8252424192","2362494976","722205888","2025-04-19"
"910315","67.649124","14.8307705","3.437946","4.3596253","0","0.06492","0.0471","0.025209999","-0.419","0","0.047720686","112.476","2.252","20738301952","1122200064","1363162496","2025-04-19"
"910316","16.459332","5.3457656","1.5816092","2.454708","0","0.14916","0.101009995","0.055219997","0.383","0.996","0.0066349343","30.891","3.134","76888825856","13073000448","-607249984","2025-04-19"
"910317","29.683615","24.60067","9.0337","10.443271","0","0.35428002","0.34291","0.14649001","0.123","0.102","0.0085035395","33.998","1.351","2734069121024","125582999552","51958124544","2025-04-19"
"910318","34.984413","37.8506","3.0898147","8.601417","0","0.24078","0.08731","0.03524","0.014","0.038","0.038226496","81.742","0.059","18845831168","1098291968","964171392","2025-04-19"
"910319","0","-2.8408046","0.8751461","2.9528391","0","-1.10043","-0.2877","-0.15141","-0.656","0","0.0","6.853","3.671","9555387392","-3004000000","-3087624960","2025-04-19"
"910320","12.6154785","9.209866","0.85128784","0.5923952","0","0.04777","0.06819","0.03829","0.01","-0.332","0.0","34.78","2.057","6419727360","1133900032","907500032","2025-04-19"
"910321","15.770435","12.5317","4.013028","0.44999903","0","0.0301","0.27069","0.06995","0.191","0.162","0.0","71.708","1.618","17623760896","644000000","509750016","2025-04-19"
"910322","10.981309","9.907251","0.91182816","1.0245298","0","0.09653","0.08611","0.043169998","-0.02","1.786","0.029977858","47.234","0.935","11912208384","1910300032","928124992","2025-04-19"
"910323","19.68421","19.626822","3.2940254","2.3933413","0","0.12652999","0.16712","0.05756","0.031","0.837","0.026925389","68.788","0.677","87215751168","4910000128","2744000000","2025-04-19"
"910324","14.305466","30.476135","7.9596834","11.355028","0","0.80952","0.68776","0.11141","0.369","13.957","0.009526351","0.502","5.313","25061681152","788409984","500982752","2025-04-19"
"910325","39.201344","31.235294","9.539441","7.586337","0","0.2014","0.21274","0.14774999","0.047","-0.262","0.0","7.295","3.318","56842215424","1928532992","1314839424","2025-04-19"
"910326","37.731792","31.896397","21.487963","10.78268","0","0.29035","0.57171","0.12368","0.13","0.162","0.007987033","212.369","1.471","76427632640","2838000128","2237499904","2025-04-19"
"910327","12.799532","13.76797","1.851136","2.743199","0","0.22347","0","0","0.163","0.265","0.03430373","397.03","0","175452274688","0","0","2025-04-19"
"910328","49.581818","11.085366","0.75269115","0.77775943","0","0.01572","0.0168","0.016900001","-0.106","-0.537","0.0315165","38.312","1.078","8650862592","1299200000","324987488","2025-04-19"
"910329","45.65618","28.65555","41.302002","6.4975038","0","0.14579001","1.28723","0.12674","0.057","0.025","0.009584969","381.094","1.282","70283501568","2391000064","1858625024","2025-04-19"
"910330","38.89687","32.094482","-45.231167","14.8591175","0","0.38833","0","0.17492001","0.077","-0.243","0.011795931","0","0.848","42439540736","1501627008","1112441600","2025-04-19"
"910331","37.398964","22.98726","3.7089562","5.609996","0","0.15095","0.101239994","0.03996","0.233","0.802","0.0131120095","88.598","0.985","41513967616","1939000064","1758749952","2025-04-19"
"910332","15.298148","10.898417","16.855743","2.6196685","0","0.17471","1.14329","0.09519","0.022","-0.045","0.02532268","226.131","0.932","17048803328","1444000000","1133874944","2025-04-19"
"910333","46.09332","40.918","17.302618","10.360616","0","0.23074","0.40842","0.13789","0.125","0.239","0.0","73.457","1.204","416220413952","7938040832","22222161920","2025-04-19"
"910334","19.258743","14.381202","2.0741076","3.3234925","0","0.17920999","0.11171","0.06605","0.428","0","0.017873101","30.087","1.627","62089486336","6362999808","1501374976","2025-04-19"
"910335","34.48","24.396229","1.8020906","1.5047177","0","0.04038","0.0619","0.03433","0.048","0.378","0.007791196","32.388","1.73","15427869696","1162000000","-646000000","2025-04-19"
"910336","40.0","29.850746","2.0905924","1.5047196","0","0.04038","0.0619","0.03433","0.048","0.378","0.006722689","32.388","1.73","15427890176","1162000000","-646000000","2025-04-19"
"910337","19.676558","18.01902","2.7225323","5.5146623","0","0.28061","0.09506","0.02503","-0.217","-0.006","0.031383302","137.296","0.471","136504434688","13260000256","-14168625152","2025-04-19"
"910338","18.524916","17.263157","5.879996","1.7211343","0","0.09427","0.31934","0.08262","-0.093","-0.323","0.02875817","85.065","2.193","82301198336","5854000128","5077624832","2025-04-19"
"910339","24.253086","21.123655","2.1256223","3.3895018","0","0.13939","0.081199996","0.02885","0.117","-0.057","0.027599487","131.114","0.506","18490071040","1781500032","-648324992","2025-04-19"
"910340","22.974586","17.368876","3.5772085","3.8509111","0","0.16929","0.16153999","0.07441","-0.028","-0.136","0.016160274","79.788","2.533","10290204672","542958976","359543264","2025-04-19"
"910341","19.0173","16.188513","3.4778757","4.1026096","0","0.21628","0.1936","0.06883","-0.016","0.391","0.025230108","125.905","0.899","49735938048","4052000000","343500000","2025-04-19"
"910342","9.037358","11.556937","1.453607","2.0757532","0","0.24490999","0.16455","0.013259999","0.284","3.027","0.034313165","0","0","17215051776","-486000000","0","2025-04-19"
"910343","19.081568","19.258375","5.123006","1.8982595","0","0.10172","0.27748","0.071279995","0.005","0","0.014976466","120.314","1.01","77891280896","4387999744","4060000000","2025-04-19"
"910344","8.666666","7.8373203","5.0539956","0.7659884","0","0.096020006","1.05461","0.04642","0.062","0","0.0","976.294","0.175","7261302784","2049822976","571996032","2025-04-19"
"910345","19.611223","14.182609","10.632334","0.7085266","0","0.03999","0.4179","0.05698","0.002","0.334","0.016953819","443.664","1.017","19930853376","2305999872","2346374912","2025-04-19"
"910346","13.061465","11.805556","1.2675797","0.82887584","0","0.06595","0.106520005","0.05375","-0.082","-0.635","0.019917395","32.997","2.507","25474670592","3979000064","263375008","2025-04-19"
"910347","34.52041","24.633495","31.31441","18.976343","0","0.55848","1.1917701","0.57417","0.779","0.798","0.00032539002","12.946","4.44","2476355878912","64089001984","44169748480","2025-04-19"
"910348","14.184395","13.879105","5.1433654","1.9974171","0","0.15737","0.3923","0.20628001","0.164","0.115","0.0","25.19","6.184","21347317760","1374461952","1088223232","2025-04-19"
"910349","17.547792","13.063505","4.7287235","3.432938","0","0.19899","0.27493998","0.09043","-0.091","-0.29","0.024058368","116.945","2.358","43303079936","2782000128","1544999936","2025-04-19"
"910350","34.250183","30.950157","-58.318657","4.7649946","0","0.14284","0","0.14129","0.069","-0.002","0.0","0","0.705","79615811584","3049575936","1533537152","2025-04-19"
"910351","17.570797","12.566455","1.4403859","1.4586371","0","0.116000004","0.08934","0.04123","-0.057","0","0.022886865","78.608","0.953","38982074368","11438999552","3658500096","2025-04-19"
"910352","28.107862","26.059322","7.7148876","5.6199245","0","0.20397","0.27899998","0.17538999","-0.073","-0.185","0.0070341555","3.965","1.333","32678793216","1659282944","642773248","2025-04-19"
"910353","10.005464","8.476851","3.2676005","0.91071695","0","0.09205","0.31022","0.051999997","0.017","-0.097","0.03930376","129.051","1.006","14342881280","1565200000","1268012544","2025-04-19"
"910354","9.542699","8.018518","1.6656247","2.0642698","0","0.22207001","0.18954","0.0874","-0.146","-0.325","0.0","41.331","5.058","14619777024","1906400000","858712512","2025-04-19"
"910355","16.678917","14.443887","2.9514651","2.4823098","0","0.13987","0.16117","0.05841","0.337","0.342","0.04716981","145.904","0.898","53861158912","4888000000","1439874944","2025-04-19"
"910356","30.192486","17.963686","21.547998","6.46577","0","0.21799","1.03741","0.073460005","0.064","0.223","0.01310111","632.501","1.017","360680030208","20745000960","5255750144","2025-04-19"
"910357","24.206387","23.513124","-8.080046","2.733144","0","0.11535","0","0.13706","0.015","0.043","0.015602398","0","0.99","38977368064","1563000064","1195124992","2025-04-19"
"910358","11.160759","11.362113","2.6410065","1.3748751","0","0.12363","0.24933","0.07408","-0.129","-0.385","0.01347771","91.445","2.039","46283517952","4640900096","3864549888","2025-04-19"
"910359","20.961926","16.653915","3.7899618","2.0079968","0","0.09604","0.19166","0.08258","0.107","0.169","0.026775194","62.931","3.228","16833640448","1191200000","402512512","2025-04-19"
"910360","493.57895","199.5319","43.84292","76.75704","0","0.16128999","0.10812","0.035720002","0.36","-0.154","0.0","4.696","5.958","219947843584","1153864960","924912896","2025-04-19"
"910361","94.20787","23.29028","17.370003","12.954617","0","0.14637","0.23378","0.0357","0.143","-0.847","0.0","15.221","0.839","111027544064","3108100096","3418962432","2025-04-19"
"910362","0","6.711656","0.44979852","0.2668217","0","-0.21189","-0.30945","0.03165","0.045","0","0.018674137","94.345","1.302","7794662400","752000000","15614624768","2025-04-19"
"910363","23.143564","19.055706","5.5064783","3.6285954","0","0.15866","0.25852","0.08776","-0.016","0.391","0.011386182","68.875","1.06","72237162496","3711075072","3211406592","2025-04-19"
"910364","30.124739","27.391304","12.678274","9.59494","0","0.31988","0.44254002","0.11643","0.048","0.042","0.026928624","20.981","1.393","52191674368","1778800000","1158000000","2025-04-19"
"910365","24.317265","24.875","7.5102143","6.516273","0","0.26657","0.34874","0.064229995","0.136","0.389","0.006959588","5.292","1.102","12271444992","533900000","238775008","2025-04-19"
"910366","15.28822","12.474438","2.9667816","1.8977816","0","0.13042","0.20001","0.04299","0.042","-0.2","0.0","58.074","1.263","60343762944","7449999872","3494249984","2025-04-19"
"910367","21.486631","16.569073","3.7174444","3.2470338","0","0.15318","0.18454","0.086289994","-0.012","-0.2","0.011432832","49.597","1.604","13256989696","766700032","603237504","2025-04-19"
"910368","20.522987","16.551563","10.863183","2.132492","0","0.104270004","0.52304","0.08989","-0.002","0.17","0.03804697","262.787","0.819","195877912576","12506999808","6917749760","2025-04-19"
"910369","15.702127","7.5563135","1.4225135","1.9734688","0","0.12622","0.09057","0.0464","0.219","0","0.07622504","76.181","1.171","125565902848","12743999488","12777124864","2025-04-19"
"910370","14.982609","11.6418915","1.3229423","1.550679","0","0.10135999","0.088879995","0.0247","-0.058","-0.296","0.003201397","191.911","1.054","37866029056","8034999808","-6583499776","2025-04-19"
"910371","27.156406","22.668056","-21.597195","6.7066565","0","0.18631001","0","0.12998","0.073","0","0.033025924","0","0.88","254034739200","12216999936","8184500224","2025-04-19"
"910372","19.85972","10.442572","1.476636","0.28205487","0","0.014789999","0.07236","0.01731","-0.12","-0.994","0.046598323","75.245","1.187","40377004032","4191000064","445000000","2025-04-19"
"910373","18.024809","20.181623","1.6654029","2.1970816","0","0.11879","0.09527001","0.02612","0.105","0","0.037843913","161.114","0.594","11259856896","1609822976","-220406624","2025-04-19"
"910374","10.765371","10.148567","1.0694553","2.8697627","0","0.2875","0.11334","0.0109","0.049","0.114","0.04190313","0","0","60290846720","0","0","2025-04-19"
"910375","27.10177","25.457191","9.064405","2.1749768","0","0.08178","0.33587003","0.113520004","-0.016","-0.275","0.015596482","99.879","2.048","11551199232","659185984","510373248","2025-04-19"
"910376","17.49126","11.305084","3.390491","1.4331871","0","0.07043","0.18378","0.068280004","-0.143","0","0.027027028","92.086","1.308","22708850688","1420000000","1057875008","2025-04-19"
"910377","29.766666","19.519125","1.8727064","3.1197045","0","0.104940005","0.06341","0.02806","0.089","0.566","0.02919501","120.516","0.864","26398939136","2340000000","-600374976","2025-04-19"
"910378","10.799401","8.547394","1.4720646","1.0063109","0","0.09741","0.14091","0.0038800002","0.766","0","0.039782245","40.609","1.443","16229480448","4602899968","1298437504","2025-04-19"
"910379","27.170382","22.995956","7.9418197","4.743577","0","0.18353","0.31058002","0.108839996","0.021","0.335","0.023799507","67.428","0.759","400101769216","18968999936","11446250496","2025-04-19"
"910380","17.887466","19.235508","6.0763173","2.0654387","0","0.11255","0.36976","0.07067","0.2","0.185","0.017809764","27.701","0.287","155616362496","15118999552","17323624448","2025-04-19"
"910381","25.461346","29.005682","1.8257246","10.836679","0","0.42810002","0.06829","0.023759998","0.088","0.012","0.038787518","55.552","0.208","94644355072","0","0","2025-04-19"
"910382","13.262667","6.771273","1.2653767","0.5007436","0","0.03873","0.09486","0.00275","-0.17","0","0.05272764","127.448","1.146","35254853632","8502000128","-851750016","2025-04-19"
"910383","23.548023","20.481571","2.5762587","4.038877","0","0.17221001","0.11218","0.02885","-0.054","-0.476","0.028905217","142.038","0.651","41560043520","2132999936","-1511250048","2025-04-19"
"910384","44.30864","20.508572","5.343557","7.4668527","0","0.16952999","0.12994","0.059359998","0.027","0.239","0.0","53.25","0.695","17273712640","801072000","724843648","2025-04-19"
"910385","27.84666","27.84666","9.682389","11.011744","0","0.43941003","0.20927","0.06968","0.014","0.399","0.04151818","95.306","0.761","51925184512","3128254976","2405444864","2025-04-19"
"910386","6.4635806","7.0333333","1.5893873","1.0665041","0","0.1718","0.274","0.14573","0.146","0.284","0.008830497","19.652","7.777","19140495360","1680793984","934480384","2025-04-19"
"910387","44.241722","26.301182","5.392719","1.6736133","0","0.03822","0.13623","0.04664","0.133","0.447","0.0013731675","61.107","1.302","39619104768","2081196032","1525823616","2025-04-19"
"910388","14.742179","11.174163","5.619937","3.7140253","0","0.25936002","0.41968","0.12626","0.175","0.149","0.024679532","54.23","2.619","151145971712","13840000000","9738749952","2025-04-19"
"910389","21.328125","16.782787","2.6824756","1.8413895","0","0.08823","0.13835","0.05841","0.146","0.156","0.018240409","103.263","1.103","18178197504","1334000000","741000000","2025-04-19"
"910390","18.824064","15.860214","5.0259204","1.8352576","0","0.10139","0.27571","0.07935","0.108","0.075","0.015961396","105.691","1.755","12754307072","1233900032","824675008","2025-04-19"
"910391","13.033204","11.980251","2.3052874","2.0656612","0","0.16391","0.19111","0.026719999","0.146","0.205","0.0139960665","39.609","2.127","27347290112","2441999872","0","2025-04-19"
"910392","36.409603","21.094925","2.8542008","2.1313355","0","0.05913","0.08125","0.03258","0.085","0.039","0.019187622","69.821","0.993","172079759360","7159000064","5555375104","2025-04-19"
"910393","59.510204","36.679245","1.3386278","9.851981","0","0.16306","0.02404","0.02299","0.245","-0.086","0.05471533","68.313","1.326","52007968768","3573275904","2691259648","2025-04-19"
"910394","33.96209","34.123814","1.9944338","8.70541","0","0.26634002","0.05817","0.02859","0.036","-0.037","0.038669705","67.446","0.571","13086765056","790198016","643936896","2025-04-19"
"910395","14.684746","12.429044","2.058589","4.3351264","0","0.3107","0.15951","0.07314","0.103","-0.209","0.0","10.012","4.731","61567463424","4420499968","2635887616","2025-04-19"
"910396","9.328503","8.544248","1.0323994","2.6061685","0","0.30251","0.11306","0.0128","0.156","0.228","0.051643193","0","0","17359689728","0","0","2025-04-19"
"910397","37.427692","35.723934","6.655359","4.741608","0","0.12743","0.18624","0.06331","0.056","0.165","0.009153976","113.588","0.583","76017459200","3936000000","1546125056","2025-04-19"
"910398","25.136953","20.690962","5.9521947","6.346843","0","0.25345","0.25654","0.13886","0.103","0.65","0.009551278","15.986","3.329","31269455872","1476306048","1101615232","2025-04-19"
"910399","39.92174","17.794575","1.4448693","4.0042806","0","0.09814","0.036429998","0.01973","0.048","0.205","0.0029888984","43.379","3.598","11031897088","628299008","726416512","2025-04-19"
"910400","28.89179","20.376316","7.7595534","3.2454069","0","0.113859996","0.24847999","0.07114","-0.083","-0.144","0.02218228","113.245","1.078","26265726976","1194800000","937062528","2025-04-19"
"910401","58.104168","49.80357","20.305788","7.9846177","0","0.13763","0.37518","0.15195","0.104","-0.029","0.011179786","61.065","0.686","27057539072","607652992","498932512","2025-04-19"
"910402","38.75104","27.834166","3.1690173","8.5008545","0","0.2201","0.08533","0.041950002","0.163","0.188","0.005527891","41.468","0.403","59839217664","2393200128","2178599936","2025-04-19"
"910403","22.058453","20.87145","8.333632","2.1730616","0","0.098950006","0.40282002","0.11066","-0.018","-0.038","0.010599943","103.144","1.617","45915090944","2356987904","1183395328","2025-04-19"
"910404","17.613346","13.484255","6.8509564","3.145797","0","0.17452","0.45828998","0.07129","0.129","0.993","0.00495566","269.166","0.174","51858464768","5264999936","1067374976","2025-04-19"
"910405","37.44984","27.535992","4.2967076","9.991373","0","0.27111","0.11023","0.059949998","0.14","0.52","0.007845166","32.105","0.854","141957431296","5688999936","5094125056","2025-04-19"
"910406","38.938583","22.215633","3.8884082","6.2704015","0","0.16353","0.10258","0.047259998","0.076","0.181","0.0064040986","19.731","1.062","237616857088","13091999744","14207750144","2025-04-19"
"910407","33.005764","24.97928","-4.821605","9.23443","0","0.27972","0","0.08826999","0.028","0.585","0.017370498","0","0.895","24744892416","1334866048","-676963648","2025-04-19"
"910408","11.28939","9.566757","2.327632","1.3156793","0","0.122930005","0.20952","0.08217","0.033","-0.015","0.032210834","58.161","1.45","47744684032","6601999872","2569625088","2025-04-19"
"910409","13.778182","7.8123713","-14.867569","1.9966593","0","0.14673","0","0.112110004","0.495","0","0.038725626","0","1.233","16043156480","938000000","174750000","2025-04-19"
"910410","16.090498","13.836576","1.5254929","3.5164244","0","0.21699","0.097950004","0.01951","0.076","-0.095","0.03523228","98.735","0.546","46364057600","4906999808","-4447124992","2025-04-19"
"910411","112.39592","46.23712","16.592745","14.551955","0","0.12973","0.16534","0.046230003","0.213","0.302","0.0","23.707","1.099","159838666752","4267000064","3281750016","2025-04-19"
"910412","31.66002","26.086073","20.561243","3.6300368","0","0.11609","0.69045997","0.101289995","0.009","0.348","0.0086331805","298.741","0.793","83848404992","3153200128","1924662528","2025-04-19"
"910413","20.716251","22.18289","16.91408","9.50664","0","0.39755002","0.74901","0.05797","0.036","-0.107","0.05471125","688.571","0.454","56695685120","3814654976","1946920320","2025-04-19"
"910414","17.224615","8.746875","1.4054732","2.125372","0","0.13021","0.08342","0.05251","-0.111","-0.3","0.049409237","18.639","5.942","8597129216","1427000064","972162496","2025-04-19"
"910415","0","11.05793","1.7939514","1.4100132","0","-0.02921","-0.03549","0.0552","-0.019","0","0.037443403","115.621","0.601","12391195648","1244600064","670562496","2025-04-19"
"910416","50.426826","11.454293","1.2348075","1.0224884","0","0.01511","0.02708","0.0298","1.634","2.042","0.014839343","84.051","1.371","21583706112","1483000064","-1736875008","2025-04-19"
"910417","15.974895","15.180914","2.8929174","3.1580749","0","0.20136999","0.19538","0.10828","-0.03","-0.087","0.024096385","23.477","4.142","16010492928","1167299968","811500032","2025-04-19"
"910418","24.007248","11.981916","3.8691971","1.3888029","0","0.058029998","0.0655","0.048060004","0.019","-0.886","0.0","276.546","1.202","11463179264","1184999936","1295124992","2025-04-19"
"910419","23.010025","21.252314","3.0328357","3.77969","0","0.16468","0.1185","0.03373","0.049","-0.375","0.031612687","180.719","0.669","101008433152","9788000256","722374976","2025-04-19"
"910420","32.55263","15.559748","1.4182527","0.5166332","0","0.01692","0.04457","0.0050700004","0.016","0","0.02896219","77.855","0.918","14198631424","462000000","-2102625024","2025-04-19"
"910421","30.26984","10.420765","1.0128173","0.57538015","0","0.01915","0.03221","0.0276","-0.004","0","0.05738426","75.629","1.297","8841118720","1106899968","767337472","2025-04-19"
"910422","26.290323","21.908602","-12.389784","2.5610406","0","0.09729999","0","0.09776","-0.003","-0.238","0.029222386","0","0.749","92578291712","5783699968","1967487488","2025-04-19"
"910423","9.150901","8.700214","1.0136467","1.7925885","0","0.21917","0.1122","0.0080699995","0.052","0.391","0.037297502","0","0","23457812480","0","0","2025-04-19"
"910424","12.021341","11.781873","2.000778","1.0108849","0","0.087629996","0.1743","0.081379995","-0.085","-0.511","0.01569832","37.398","2.526","17731315712","1844503040","-319290752","2025-04-19"
"910425","35.7283","22.28987","3.402851","4.0446043","0","0.086619996","0.096140005","0.05589","0.056","0.233","0.00990819","36.087","2.13","21834274816","1142113024","877812864","2025-04-19"
"910426","44.65206","25.609756","6.4046874","5.8532963","0","0.13246","0.1526","0.07474","0.107","-0.522","0.009346063","68.431","1.949","132255236096","4241999872","2864000000","2025-04-19"
"910427","13.697826","7.4304247","2.9973361","0.8980659","0","0.06939","0.31015","0.12758","0.549","0.083","0.0","31.382","6.383","18697619456","-1992205056","-2532372992","2025-04-19"
"910428","5.59883","7.3987637","1.210183","1.9814165","0","0.37255","0.22957","0.02953","0.208","0.759","0.0213858","0","0","18609463296","9848000512","0","2025-04-19"
"910429","49.737663","27.795563","6.8681765","10.52537","0","0.3475","0.15951","0.06647","-0.037","-0.342","0.0","7.147","2.681","63907540992","1427363968","1037851520","2025-04-19"
"910430","18.39487","14.5813","17.433779","0.43561324","0","0.02398","0.86513","0.088520005","0.045","-0.022","0.028716931","674.815","1.204","35097358336","2631000064","1974249984","2025-04-19"
"910431","27.098242","24.558577","4.8578105","3.6754494","0","0.1393","0.17934","0.05461","0.068","0.48","0.011785548","186.194","0.912","299181572096","22293000192","10796749824","2025-04-19"
"910432","9.41093","9.209625","1.855859","2.6978204","0","0.29606","0.19646999","0.11412","0.111","0.005","0.058100034","2.95","5.171","19137259520","1685600000","1686274944","2025-04-19"
"910433","0","27.13903","6.5824156","6.8898363","0","-0.67070997","-0.51451","-0.02478","-0.005","0","0.0","71.971","0.829","37553053696","-333100000","926950016","2025-04-19"
"910434","18.5","13.369747","9.851393","1.9441643","0","0.117419995","0.39821997","0.07958","0.053","-0.037","0.022268172","307.265","1.583","13174434816","979299968","593512512","2025-04-19"
"910435","30.412895","21.134382","14.663588","2.3187017","0","0.08009","0.34414002","0.07762","0.039","0.172","0.017373176","323.439","0.724","37983813632","3649700096","291324992","2025-04-19"
"910436","10.509029","8.859181","2.8922436","0.39805079","0","0.03839","0.2912","0.06341","-0.031","-0.202","0.04908247","135.518","0.935","42418679808","7367000064","3679000064","2025-04-19"
"910437","20.417063","14.375975","3.1116676","2.4327533","0","0.12101","0.14879","0.08135","0.001","-0.707","0.02001576","33.599","1.681","38559141888","3636000000","2193999872","2025-04-19"
"910438","26.887142","21.53728","2.2605953","3.8179748","0","0.14448","0.0874","0.04579","0.054","-0.386","0.0","29.186","2.334","21647917056","1191900032","1018962496","2025-04-19"
"910439","21.460844","16.764706","4.087076","4.0637727","0","0.19233999","0.20294","0.09519","0.123","0.249","0.006745362","2.718","2.908","11459350528","672176000","411039264","2025-04-19"
"910440","117.74146","74.49691","10.646171","7.947296","0","0.07259","0.1042","0.04186","0.021","-0.708","0.0","18.489","2.025","776371372032","14922999808","-826875008","2025-04-19"
"910441","28.546156","25.244898","8.000431","8.635524","0","0.30682","0.28395998","0.09854999","-0.017","-0.121","0.03589219","85.056","4.125","135068229632","6318000128","-583750016","2025-04-19"
"910442","65.78724","17.760393","26.342651","42.289616","0","0.64316005","0.41731","0.28298","0.115","0.046","0.0039997497","0.11","10.811","29848981504","490672000","-42269376","2025-04-19"
"910443","15.21659","9.856717","1.6775898","0.87536496","0","0.06014","0.11627","0.04077","0","0","0.0012311479","54.956","1.754","11994250240","1014000000","683124992","2025-04-19"
"910444","25.846432","18.199234","3.2829313","3.7635632","0","0.14774","0.13134","0.04901","0.047","0.123","0.00357151","66.099","1.66","161377828864","8666999808","6603624960","2025-04-19"
"910445","29.957745","27.743479","17.020538","2.52953","0","0.0863","0.61982","0.12810001","-0.004","-0.004","0.011875545","152.246","1.18","142564311040","6115999744","3209250048","2025-04-19"
"910446","14922.0","46.055557","2.9618895","4.339507","0","0.0033500001","0.00072999997","0.01393","0.046","0","0.0","34.815","1.297","12169457664","583409984","570839872","2025-04-19"
"910447","24.588236","4.5067387","11.758088","1.7916679","0","0.07399","0.49828997","0.09658","0.031","-0.046","0.0178282","238.926","1.427","26665807872","1420834944","517702496","2025-04-19"
"910448","29.327465","26.33676","10.028295","3.7667124","0","0.12944001","0.36048","0.1095","0.102","0.198","0.0101621095","71.926","1.209","74724794368","3145600000","2483887616","2025-04-19"
"910449","47.167137","30.76495","-11.987491","9.197269","0","0.22373","0","0.112320006","0.121","0.291","0.0","0","2.695","75022131200","2160999936","1698499968","2025-04-19"
"910450","13.9281435","12.040471","2.0566037","1.2332718","0","0.09086","0.16052","0.02691","0.052","-0.648","0.01663498","28.495","0.321","57969942528","8976000000","15715749888","2025-04-19"
"910451","9.561576","19.540268","2.4922957","3.8857732","0","0.40844002","0.29367","0.03155","0.055","0.432","0.0","26.352","1.27","14312468480","531400000","1188137472","2025-04-19"
"910452","0","9.088608","0.8005173","4.077052","0","0.42338002","0.0013400001","0.00016000001","0.028","0.053","0.057777777","0","0","47012487168","0","0","2025-04-19"
"910453","94.40398","52.650047","7.2298937","11.497497","0","0.12304","0.08315","0.04166","0.125","0.677","0.0","18.84","1.352","24579383296","624633024","554460864","2025-04-19"
"910454","20.679054","17.488571","1.178339","0.40666693","0","0.01962","0.05819","0.03482","0.023","2.355","0.032476097","52.644","2.109","21802633216","2320999936","1132375040","2025-04-19"
"910455","9.455446","8.822171","1.1182997","2.350213","0","0.2638","0.11526","0.00988","0.042","0.296","0.05261766","0","0","59591999488","0","0","2025-04-19"
"910456","16.5","31.881357","7.3569956","3.5778437","0","0.22410999","0.56004","0.038900003","0.204","3.817","0.0","50.881","1.067","157346398208","7136999936","5267500032","2025-04-19"
"910457","158.80771","87.85107","4.0181007","9.152845","0","0.05269","0.02037","0.01747","0.054","0","0.041595306","134.709","0.341","15561457664","876848000","741036992","2025-04-19"
"910458","14.123569","15.642763","6.6083565","1.4350187","0","0.10633001","0.50386","0.16707","-0.019","-0.003","0.0","77.289","1.702","16209473536","1338605056","774789504","2025-04-19"
"910459","19.87906","18.188274","7.8799367","5.4435377","0","0.27823","0.42597","0.090550005","-0.006","0.067","0.024376731","192.202","0.765","132005781504","9345999872","4622875136","2025-04-19"
"910460","6.0327573","5.483871","1.7210499","0.37503937","0","0.06339","0.33571997","0.04824","0.054","0","0.0","260.978","0.781","21653647360","10307000320","2363875072","2025-04-19"
"910461","14.285926","10.945516","4.9259295","0.89741427","0","0.06349","0.33955002","0.07106","0.015","0.072","0.06921444","153.21","1.175","81727512576","10122000384","4794625024","2025-04-19"
"910462","15.292141","12.622705","4.480212","2.5183406","0","0.16781001","0.30743","0.09607001","0.098","0.015","0.011140919","171.526","0.978","38643937280","4545999872","2280000000","2025-04-19"
"910463","19.008371","15.187625","4.1351895","1.0129807","0","0.05391","0.22700001","0.07044","0.098","0","0.014357992","77.277","0.849","415379849216","28515999744","20096374784","2025-04-19"
"910464","10.39239","9.625551","1.70382","0.72008336","0","0.07216","0.17943001","0.07407","0.111","0.536","0.004606703","73.275","1.274","11397432320","2067101056","958511744","2025-04-19"
"910465","12.827506","11.405182","1.4137443","0.27916804","0","0.02234","0.10727","0.03901","-0.14","-0.766","0.039951462","41.932","1.532","34609577984","6682999808","5077624832","2025-04-19"
"910466","357.52634","424.5625","2.756452","6.0815578","0","0.0166","0.00842","0.017970001","0.109","0","0.026615407","123.346","0.579","29732825088","1329624960","1109459968","2025-04-19"
"910467","26.808384","23.877333","10.8691435","4.2770224","0","0.16041","0.48514998","0.124910004","0.044","0.135","0.00425389","135.306","1.917","22210576384","875000000","772000000","2025-04-19"
"910468","30.872341","28.516764","-11.969043","14.908504","0","0.50449","0","0.41919","0.039","-0.277","0.0","0","0.434","23218503680","902600000","724912512","2025-04-19"
"910469","44.063156","40.194786","410.9677","14.23003","0","0.33251","4.45084","0.18275","0.086","0.209","0.0053382604","3091.238","0.736","41006678016","1144000000","705150016","2025-04-19"
"910470","10.637682","9.310782","1.8681599","1.4016945","0","0.12988","0.18469","0.05049","0.016","0","0.061568446","170.713","0.626","188931604480","36912001024","16012250112","2025-04-19"
"910471","0","26.057539","7.658342","11.409907","0","-0.048600003","-0.031519998","0.12683","0.157","-0.058","0.0","10.661","2.692","125738311680","-492600000","2725550080","2025-04-19"
"910472","0","2.8314605","0.4842429","0.6122608","0","-0.04303","-0.03244","0.02487","-0.081","0","0.06495264","76.767","1.647","9024295936","2302899968","6551712256","2025-04-19"
"910473","12.710938","11.9194145","1.2952791","8.933019","0","0.69594","0.10345","0.049489997","0.047","-0.178","0.052886117","65.488","21.185","34385018880","2381498112","1003987776","2025-04-19"
"910474","33.226814","26.035543","17.233608","17.276806","0","0.54269004","0.51191","0.16712","0.101","0.047","0.006700269","53.815","1.121","635820965888","21731999744","13893749760","2025-04-19"
"910475","16.512161","16.727535","12.672376","2.2794309","0","0.15438","0.51573","0.072119996","0.312","0","0.007542936","311.893","0.963","39260917760","4562999808","2806625024","2025-04-19"
"910476","34.96098","26.644272","3.9365094","4.3085046","0","0.12294","0.11766","0.056009997","0.011","0.292","0.0076491376","72.441","1.829","31959193600","1409600000","782275008","2025-04-19"
"910477","15.779817","15.816093","3.1146724","1.9129864","0","0.12876001","0.22103001","0.0376","0.139","0.45","0.0045288536","36.389","0.402","26090747904","3678368000","3328924160","2025-04-19"
"910478","25.909302","23.811209","14.431971","2.813431","0","0.1112","0.55683","0.19674999","0.059","0.203","0.008129256","85.957","2.489","48300982272","2111000064","1294875008","2025-04-19"
"910479","28.346598","20.133097","2.901643","2.8132932","0","0.10167","0.103310004","0.05515","0.023","-0.014","0.0047139237","42.317","1.304","29221677056","1834000000","1202499968","2025-04-19"
"910480","0","7.4081635","1.3240122","0.061975945","0","-0.03803","-0.66207004","-0.00587","0.041","0","0.06944444","428.707","0.611","9416996864","1596999936","3674125056","2025-04-19"
"910481","38.680496","34.27206","8.218285","1.0974262","0","0.02854","0.21414","0.07124","0.041","-0.044","0.009101875","63.58","0.823","747330732032","36443000832","7864625152","2025-04-19"
"910482","27.535715","16.46796","1.5059395","1.6574631","0","0.060700003","0.05905","0.04251","0.048","0.336","0.011477589","42.447","0.679","153318653952","14990999552","10820124672","2025-04-19"
"910483","0","-62.384617","0.5847152","0.50629693","0","-0.28766","-0.28208","0.00349","-0.025","0","0.0","123.092","0.89","19908102144","5375000064","20509124608","2025-04-19"
"910484","33.90749","28.613384","11.234857","4.210782","0","0.124460004","0.36238","0.0696","0.13","0.213","0.0130679095","302.157","0.763","92902481920","5390000128","1370375040","2025-04-19"
"910485","29.944963","24.82676","10.4261265","6.4557977","0","0.2156","0.42824","0.114029996","0.065","0.07","0.0","93.135","2.113","19098746880","762123008","627061632","2025-04-19"
"910486","22.440994","20.764368","2.77802","4.021681","0","0.17758","0.12247","0.02849","0.03","1.076","0.031110283","159.108","0.601","34586054656","3211800064","-578962496","2025-04-19"
"910487","11.638489","11.786885","1.2990063","2.7320697","0","0.25885","0.11021","0.01031","-0.036","0.06","0.02422632","0","0","211063324672","0","0","2025-04-19"
"910488","91.47205","80.91758","2.9277167","12.007295","0","0.119090006","0.033010002","0.01687","0.286","0.43","0.017990798","51.489","2.22","95951708160","2256421120","2442535680","2025-04-19"
"910489","30.22455","26.848404","5.4420485","5.0448976","0","0.1703","0.17713","0.09929","0.023","-0.05","0.0038731887","11.382","2.795","14595896320","653400000","206724992","2025-04-19"
"910490","10.552023","4.144154","1.0485654","0.8139897","0","0.08083","0.10829","0.06177","0","0","0.0","0","1.992","12699054080","861000000","904249984","2025-04-19"
"910491","47.796295","30.011627","1.9271262","2.6297252","0","0.05559","0.039690003","0.02495","-0.037","-0.63","0.03126221","53.842","1.789","18734161920","1008000000","546000000","2025-04-19"
"910492","15.855354","17.123001","8.000575","2.2296047","0","0.14592","0.52702","0.16951","0.08","0.086","0.01661069","62.888","1.441","17193689088","1360221952","951674496","2025-04-19"
"910493","32.20879","28.047848","5.762312","6.654594","0","0.20692","0.15782","0.03937","0.156","-0.573","0.032612428","182.473","0.501","71556849664","4974000128","1025875008","2025-04-19"
"910494","0","17.74461","4.0349445","3.212612","0","-0.00987","-0.00999","0.04851","0.042","1.003","0.010962953","74.043","1.199","31901237248","1512000000","963500032","2025-04-19"
"910495","113.92783","26.628916","6.5163045","6.960848","0","0.062280003","0.06146","0.01812","0.15","-0.921","0.0","37.215","1.901","58791321600","2460999936","2145624960","2025-04-19"
"910496","17.188505","14.894422","-35.621723","1.1136574","0","0.070300005","0","0.05353","-0.001","-0.62","0.013563","0","1.898","7938106368","1426203008","647221632","2025-04-19"
"910497","20.386627","18.310705","2.0633147","3.005405","0","0.14404","0.10426","0.02243","-0.094","0.134","0.0316932","155.056","0.67","40395649024","4640999936","-3603000064","2025-04-19"
"910498","30.252054","23.246315","2.521177","3.138355","0","0.10395","0.08453","0.04298","0.065","0.226","0.013188021","22.45","1.754","26870595584","1263000064","964124992","2025-04-19"
"910499","27.454023","23.570724","-5.228002","5.2873588","0","0.19685","0","0.24493","0.16","-0.086","0.019078346","0","1.474","39914270720","1688999936","1155124992","2025-04-19"
"910500","22.2721","14.135285","3.2565386","2.3279903","0","0.106000006","0.15946999","0.06261","0.322","8.588","0.0","65.867","1.432","11595719680","1013000000","807875008","2025-04-19"
"910501","22.103838","11.386045","1.5636677","2.5229323","0","0.1177","0.07253","0.046490002","0.043","-0.429","0.009903032","53.067","1.906","19372589056","1499399936","1061000000","2025-04-19"
"910502","27.17916","23.449526","13.978","7.164638","0","0.26858","0.51142","0.1487","0.047","0.107","0.011774326","143.166","1.754","66315886592","2952999936","2372000000","2025-04-19"
"910503","0","0","0","0","0","0","0","0","0","0","0","0","0","0","0","0","2025-04-19"