"stock_id","annual_return","volatility","sharpe_ratio","beta","max_drawdown","created_at"
"910000","0.46","0.39","1.06","0.8","-0.18","2025-04-21"
"910001","-0.25","0.29","-1.02","0.88","-0.34","2025-04-21"
"910002","0.22","0.23","0.75","0.61","-0.12","2025-04-21"
"910003","0.1","0.31","0.17","0.39","-0.2","2025-04-21"
"910004","-0.09","0.31","-0.44","1.04","-0.29","2025-04-21"
"910005","-0.27","0.45","-0.7","1.3","-0.42","2025-04-21"
"910006","-0.46","0.7","-0.72","1.85","-0.57","2025-04-21"
"910007","-0.33","0.54","-0.7","1.06","-0.53","2025-04-21"
"910008","0.36","0.24","1.31","0.75","-0.13","2025-04-21"
"910009","-0.25","0.35","-0.85","0.98","-0.35","2025-04-21"
"910010","0.18","0.31","0.43","0.79","-0.26","2025-04-21"
"910011","-0.28","0.51","-0.64","1.54","-0.36","2025-04-21"
"910012","-0.28","0.53","-0.62","0.82","-0.36","2025-04-21"
"910013","-0.53","0.79","-0.73","1.56","-0.62","2025-04-21"
"910014","-0.3","0.33","-1.05","0.89","-0.4","2025-04-21"
"910015","-0.44","0.5","-0.97","1.58","-0.54","2025-04-21"
"910016","0.01","0.25","-0.15","0.95","-0.22","2025-04-21"
"910017","0.33","0.21","1.35","0.44","-0.11","2025-04-21"
"910018","0.21","0.29","0.56","0.62","-0.14","2025-04-21"
"910019","-0.02","0.37","-0.18","1.24","-0.3","2025-04-21"
"910020","-0.01","0.36","-0.16","1.24","-0.29","2025-04-21"
"910021","0.54","0.2","2.47","0.38","-0.1","2025-04-21"
"910022","-0.06","0.39","-0.27","1.39","-0.29","2025-04-21"
"910023","0.12","0.27","0.27","0.78","-0.23","2025-04-21"
"910024","0.45","0.21","1.92","0.42","-0.08","2025-04-21"
"910025","0.41","0.21","1.73","0.38","-0.13","2025-04-21"
"910026","0.16","0.37","0.31","1.22","-0.29","2025-04-21"
"910027","0.12","0.27","0.27","1.02","-0.12","2025-04-21"
"910028","0.34","0.31","0.95","0.62","-0.27","2025-04-21"
"910029","0.33","0.26","1.09","0.49","-0.19","2025-04-21"
"910030","0.15","0.34","0.3","1.27","-0.26","2025-04-21"
"910031","-0.11","0.29","-0.54","0.9","-0.23","2025-04-21"
"910032","0.08","0.32","0.1","0.47","-0.23","2025-04-21"
"910033","0.17","0.44","0.28","1.19","-0.25","2025-04-21"
"910034","-0.06","0.51","-0.21","1.38","-0.32","2025-04-21"
"910035","-0.07","0.28","-0.42","1.3","-0.21","2025-04-21"
"910036","0.22","0.23","0.75","0.66","-0.12","2025-04-21"
"910037","-0.49","0.65","-0.83","1.47","-0.56","2025-04-21"
"910038","0.19","0.53","0.27","1.45","-0.39","2025-04-21"
"910039","0.17","0.38","0.32","1.25","-0.33","2025-04-21"
"910040","-0.34","0.62","-0.62","1.73","-0.5","2025-04-21"
"910041","-0.28","0.52","-0.63","1.45","-0.43","2025-04-21"
"910042","0.07","0.29","0.08","0.74","-0.22","2025-04-21"
"910043","-0.18","0.31","-0.73","0.64","-0.35","2025-04-21"
"910044","0.08","0.71","0.05","1.42","-0.5","2025-04-21"
"910045","0.43","0.23","1.67","0.69","-0.12","2025-04-21"
"910046","0.12","0.27","0.27","0.69","-0.21","2025-04-21"
"910047","0.78","0.25","2.93","0.41","-0.09","2025-04-21"
"910048","0.44","0.18","2.19","0.44","-0.1","2025-04-21"
"910049","0.14","0.34","0.27","1.42","-0.26","2025-04-21"
"910050","0.23","0.21","0.87","0.83","-0.13","2025-04-21"
"910051","0.24","0.23","0.84","0.53","-0.09","2025-04-21"
"910052","0.17","0.24","0.51","0.77","-0.2","2025-04-21"
"910053","-0.18","0.24","-0.94","0.92","-0.3","2025-04-21"
"910054","0.86","0.69","1.18","1.19","-0.3","2025-04-21"
"910055","0.24","0.43","0.45","0.99","-0.28","2025-04-21"
"910056","-0.25","0.3","-0.99","0.79","-0.36","2025-04-21"
"910057","0.11","0.33","0.19","1.06","-0.28","2025-04-21"
"910058","-0.25","0.39","-0.76","0.58","-0.3","2025-04-21"
"910059","-0.12","0.24","-0.69","0.44","-0.2","2025-04-21"
"910061","-0.14","0.55","-0.34","1.14","-0.44","2025-04-21"
"910062","-0.25","0.51","-0.58","1.12","-0.43","2025-04-21"
"910063","-0.39","0.33","-1.32","0.71","-0.52","2025-04-21"
"910064","0.2","0.29","0.53","1.15","-0.24","2025-04-21"
"910065","0.1","0.45","0.12","1.53","-0.39","2025-04-21"
"910066","0.45","0.27","1.49","0.94","-0.18","2025-04-21"
"910067","-0.05","0.49","-0.2","1.34","-0.29","2025-04-21"
"910068","0.33","0.33","0.86","1.2","-0.21","2025-04-21"
"910069","0.4","0.25","1.41","0.82","-0.16","2025-04-21"
"910070","0.07","0.36","0.06","0.34","-0.21","2025-04-21"
"910071","0.3","0.86","0.29","1.53","-0.41","2025-04-21"
"910072","0.24","0.23","0.84","0.83","-0.12","2025-04-21"
"910073","0.46","0.22","1.88","0.78","-0.11","2025-04-21"
"910075","-0.36","0.6","-0.68","1.54","-0.44","2025-04-21"
"910076","-0.22","0.32","-0.83","0.64","-0.39","2025-04-21"
"910077","0.17","0.37","0.33","1.07","-0.35","2025-04-21"
"910078","0.38","0.36","0.93","0.68","-0.23","2025-04-21"
"910079","-0.13","0.5","-0.35","1.36","-0.29","2025-04-21"
"910080","-0.35","0.62","-0.64","2.03","-0.49","2025-04-21"
"910081","0.22","0.24","0.72","0.7","-0.15","2025-04-21"
"910082","-0.1","0.28","-0.52","0.17","-0.27","2025-04-21"
"910083","0.21","0.47","0.35","1.38","-0.28","2025-04-21"
"910084","0.28","0.25","0.93","0.56","-0.13","2025-04-21"
"910085","-0.07","0.46","-0.25","1.29","-0.28","2025-04-21"
"910086","0.29","0.63","0.39","1.94","-0.42","2025-04-21"
"910087","0.11","0.38","0.17","1.14","-0.32","2025-04-21"
"910088","-0.17","0.36","-0.6","0.98","-0.34","2025-04-21"
"910089","0.23","0.25","0.73","0.33","-0.12","2025-04-21"
"910090","0.38","0.35","0.95","1.21","-0.23","2025-04-21"
"910091","-0.36","0.39","-1.04","1.14","-0.41","2025-04-21"
"910092","0.21","0.21","0.78","0.4","-0.11","2025-04-21"
"910093","-0.16","0.38","-0.54","0.5","-0.3","2025-04-21"
"910094","0.4","0.23","1.54","0.56","-0.18","2025-04-21"
"910095","-0.01","0.38","-0.15","0.71","-0.29","2025-04-21"
"910096","-0.54","0.69","-0.85","1.2","-0.59","2025-04-21"
"910097","0.06","0.36","0.04","1.01","-0.21","2025-04-21"
"910098","0.32","0.46","0.59","0.8","-0.21","2025-04-21"
"910099","-0.08","0.28","-0.45","0.75","-0.2","2025-04-21"
"910100","-0.18","0.4","-0.57","1.01","-0.33","2025-04-21"
"910101","0.18","0.23","0.58","0.61","-0.14","2025-04-21"
"910102","0.03","0.21","-0.08","0.25","-0.11","2025-04-21"
"910103","-0.03","0.3","-0.26","0.55","-0.27","2025-04-21"
"910104","0.16","0.29","0.39","0.86","-0.2","2025-04-21"
"910105","0.24","0.29","0.67","0.99","-0.2","2025-04-21"
"910106","0.2","0.25","0.61","0.85","-0.17","2025-04-21"
"910107","0.15","0.4","0.26","1.16","-0.31","2025-04-21"
"910108","0.14","0.41","0.23","1.28","-0.29","2025-04-21"
"910109","0.01","0.24","-0.15","0.23","-0.19","2025-04-21"
"910110","0.33","0.19","1.49","0.45","-0.1","2025-04-21"
"910111","0.32","0.18","1.52","0.35","-0.09","2025-04-21"
"910112","0.29","0.18","1.35","0.45","-0.16","2025-04-21"
"910113","0.04","0.28","-0.02","0.99","-0.26","2025-04-21"
"910114","0.14","0.22","0.42","0.31","-0.2","2025-04-21"
"910115","-0.1","0.33","-0.44","0.8","-0.26","2025-04-21"
"910116","-0.11","0.27","-0.58","0.28","-0.25","2025-04-21"
"910117","-0.29","0.38","-0.89","0.94","-0.35","2025-04-21"
"910118","0.33","0.21","1.35","0.26","-0.17","2025-04-21"
"910119","-0.26","0.35","-0.88","0.63","-0.38","2025-04-21"
"910120","0.11","0.97","0.07","1.18","-0.51","2025-04-21"
"910121","-0.12","0.33","-0.5","0.9","-0.36","2025-04-21"
"910122","0.1","0.27","0.2","1.02","-0.18","2025-04-21"
"910123","0.38","0.4","0.83","1.1","-0.28","2025-04-21"
"910124","0.03","0.4","-0.04","1.2","-0.27","2025-04-21"
"910125","0.13","0.31","0.27","0.75","-0.16","2025-04-21"
"910126","-0.08","0.36","-0.35","1.09","-0.25","2025-04-21"
"910127","0.4","0.24","1.47","0.75","-0.17","2025-04-21"
"910128","-0.02","0.32","-0.21","0.7","-0.2","2025-04-21"
"910129","0.26","0.68","0.31","1.44","-0.44","2025-04-21"
"910130","0.17","0.29","0.43","0.61","-0.29","2025-04-21"
"910131","-0.19","0.29","-0.82","0.86","-0.27","2025-04-21"
"910132","-0.02","0.35","-0.19","0.9","-0.3","2025-04-21"
"910133","0.02","0.51","-0.05","0.55","-0.36","2025-04-21"
"910134","-0.22","0.34","-0.78","0.86","-0.38","2025-04-21"
"910135","0.34","0.34","0.86","0.94","-0.11","2025-04-21"
"910136","0.08","0.38","0.09","0.57","-0.21","2025-04-21"
"910137","-0.08","0.49","-0.26","1.53","-0.4","2025-04-21"
"910138","-0.22","0.64","-0.42","1.28","-0.55","2025-04-21"
"910139","0.17","0.33","0.37","0.86","-0.19","2025-04-21"
"910140","-0.29","0.82","-0.41","1.32","-0.6","2025-04-21"
"910141","-0.11","0.58","-0.27","1.43","-0.48","2025-04-21"
"910142","-0.4","0.48","-0.93","1.31","-0.48","2025-04-21"
"910143","-0.5","0.93","-0.59","1.17","-0.57","2025-04-21"
"910144","-0.3","0.47","-0.74","1.19","-0.42","2025-04-21"
"910145","0.14","0.34","0.27","0.82","-0.29","2025-04-21"
"910146","0.36","0.54","0.58","1.4","-0.27","2025-04-21"
"910147","-0.34","0.67","-0.58","0.4","-0.52","2025-04-21"
"910148","-0.36","0.63","-0.65","0.69","-0.51","2025-04-21"
"910149","0.19","0.26","0.55","0.39","-0.17","2025-04-21"
"910150","-0.03","0.38","-0.2","0.62","-0.24","2025-04-21"
"910151","0.35","0.47","0.65","1.79","-0.24","2025-04-21"
"910152","-0.05","0.31","-0.31","1.01","-0.27","2025-04-21"
"910153","-0.47","0.4","-1.29","1.03","-0.54","2025-04-21"
"910154","-0.16","0.41","-0.5","1.07","-0.41","2025-04-21"
"910155","0.34","0.21","1.4","0.47","-0.1","2025-04-21"
"910156","0.36","0.19","1.65","0.32","-0.12","2025-04-21"
"910157","-0.16","0.38","-0.54","1.1","-0.38","2025-04-21"
"910158","-0.18","0.35","-0.65","1.11","-0.35","2025-04-21"
"910159","-0.14","0.47","-0.4","1.11","-0.35","2025-04-21"
"910160","0.34","0.34","0.86","0.89","-0.16","2025-04-21"
"910161","0.09","0.22","0.2","0.93","-0.16","2025-04-21"
"910162","-0.1","0.35","-0.42","0.61","-0.43","2025-04-21"
"910163","-0.21","0.58","-0.44","0.91","-0.36","2025-04-21"
"910164","0.16","0.33","0.34","0.53","-0.31","2025-04-21"
"910165","-0.15","0.31","-0.63","0.54","-0.34","2025-04-21"
"910166","-0.09","0.37","-0.37","1.04","-0.3","2025-04-21"
"910167","-0.52","0.88","-0.64","1.53","-0.63","2025-04-21"
"910168","0.7","0.3","2.18","0.52","-0.1","2025-04-21"
"910169","-0.14","0.33","-0.57","0.94","-0.24","2025-04-21"
"910170","-0.41","0.66","-0.69","1.37","-0.46","2025-04-21"
"910171","0.43","0.45","0.85","0.89","-0.28","2025-04-21"
"910172","-0.07","0.38","-0.31","1.07","-0.33","2025-04-21"
"910173","0.09","0.31","0.14","0.83","-0.24","2025-04-21"
"910174","0.19","0.25","0.57","0.82","-0.19","2025-04-21"
"910175","0.09","0.35","0.12","0.56","-0.3","2025-04-21"
"910176","0.22","0.27","0.64","0.83","-0.18","2025-04-21"
"910177","-0.59","0.7","-0.91","1.22","-0.66","2025-04-21"
"910178","-0.01","0.29","-0.2","0.69","-0.19","2025-04-21"
"910179","0.44","0.17","2.31","0.42","-0.08","2025-04-21"
"910180","0.05","0.27","0.01","0.45","-0.18","2025-04-21"
"910181","0.38","0.21","1.59","0.53","-0.12","2025-04-21"
"910182","0.25","0.31","0.66","0.77","-0.23","2025-04-21"
"910183","0.17","0.56","0.22","1.47","-0.34","2025-04-21"
"910184","-0.07","0.27","-0.43","0.78","-0.21","2025-04-21"
"910185","0.08","0.29","0.12","0.78","-0.29","2025-04-21"
"910186","-0.07","0.27","-0.43","0.72","-0.19","2025-04-21"
"910187","0.41","0.37","0.98","1.05","-0.23","2025-04-21"
"910188","0.01","0.25","-0.15","0.78","-0.19","2025-04-21"
"910189","0.66","0.41","1.5","1.21","-0.3","2025-04-21"
"910190","0.21","0.28","0.58","0.84","-0.16","2025-04-21"
"910191","0.01","0.25","-0.15","0.92","-0.27","2025-04-21"
"910192","-0.2","0.44","-0.56","1.02","-0.36","2025-04-21"
"910193","0.07","0.31","0.08","0.94","-0.24","2025-04-21"
"910194","0.04","0.33","-0.02","1.24","-0.3","2025-04-21"
"910195","-0.26","0.75","-0.41","1.05","-0.6","2025-04-21"
"910196","0.19","0.23","0.62","0.43","-0.13","2025-04-21"
"910197","0.43","0.28","1.37","0.94","-0.18","2025-04-21"
"910198","-0.14","0.48","-0.39","1.26","-0.37","2025-04-21"
"910199","0.49","0.5","0.89","1.33","-0.26","2025-04-21"
"910200","-0.19","0.3","-0.79","1.03","-0.25","2025-04-21"
"910201","0.6","0.29","1.91","0.75","-0.18","2025-04-21"
"910202","0.61","0.29","1.94","0.78","-0.19","2025-04-21"
"910203","-0.24","0.4","-0.72","1.24","-0.31","2025-04-21"
"910204","-0.32","0.57","-0.64","1.55","-0.46","2025-04-21"
"910205","0.36","0.49","0.64","0.98","-0.28","2025-04-21"
"910206","-0.12","0.3","-0.56","1.11","-0.32","2025-04-21"
"910207","0.17","0.42","0.29","1.09","-0.21","2025-04-21"
"910208","-0.27","0.43","-0.74","1.13","-0.37","2025-04-21"
"910209","1.49","0.8","1.8","1.91","-0.38","2025-04-21"
"910210","0.22","0.34","0.51","0.75","-0.26","2025-04-21"
"910211","-0.13","0.48","-0.37","1.57","-0.48","2025-04-21"
"910212","-0.01","0.25","-0.23","0.64","-0.23","2025-04-21"
"910213","-0.12","0.24","-0.69","0.18","-0.23","2025-04-21"
"910214","0.06","0.45","0.03","1.23","-0.29","2025-04-21"
"910215","-0.19","0.43","-0.55","0.78","-0.33","2025-04-21"
"910216","0.61","0.28","2.01","0.45","-0.13","2025-04-21"
"910217","-0.43","0.5","-0.95","1.22","-0.45","2025-04-21"
"910218","1.04","0.39","2.55","0.8","-0.15","2025-04-21"
"910219","0.39","0.35","0.98","0.99","-0.24","2025-04-21"
"910220","0.31","0.4","0.66","1.11","-0.31","2025-04-21"
"910221","-0.4","0.46","-0.97","1.27","-0.5","2025-04-21"
"910222","0.23","0.26","0.71","0.78","-0.14","2025-04-21"
"910223","0.0","0.42","-0.11","0.9","-0.29","2025-04-21"
"910224","0.08","0.33","0.1","0.85","-0.28","2025-04-21"
"910225","0.12","0.25","0.29","0.82","-0.2","2025-04-21"
"910226","-0.09","0.33","-0.41","0.7","-0.23","2025-04-21"
"910227","-0.06","0.3","-0.36","0.31","-0.29","2025-04-21"
"910228","-0.12","0.33","-0.5","1.04","-0.22","2025-04-21"
"910229","-0.09","0.61","-0.22","1.21","-0.48","2025-04-21"
"910230","0.04","0.28","-0.02","1.08","-0.26","2025-04-21"
"910231","-0.23","0.25","-1.11","0.54","-0.33","2025-04-21"
"910232","0.09","0.26","0.17","0.85","-0.22","2025-04-21"
"910233","0.05","0.26","0.01","0.88","-0.22","2025-04-21"
"910234","-0.06","0.27","-0.39","0.19","-0.21","2025-04-21"
"910235","-0.24","0.33","-0.87","1.2","-0.31","2025-04-21"
"910236","0.93","0.49","1.8","1.33","-0.19","2025-04-21"
"910237","-0.11","0.48","-0.33","1.19","-0.43","2025-04-21"
"910238","-0.13","0.41","-0.43","1.0","-0.33","2025-04-21"
"910239","-0.16","0.51","-0.41","0.44","-0.42","2025-04-21"
"910240","0.09","0.38","0.11","1.19","-0.3","2025-04-21"
"910241","-0.18","0.63","-0.36","0.64","-0.43","2025-04-21"
"910242","0.34","0.32","0.92","0.67","-0.17","2025-04-21"
"910243","-0.28","0.3","-1.09","0.83","-0.31","2025-04-21"
"910244","-0.16","0.37","-0.56","1.13","-0.34","2025-04-21"
"910245","-0.06","0.24","-0.44","0.84","-0.21","2025-04-21"
"910246","0.09","0.41","0.11","0.57","-0.34","2025-04-21"
"910247","-0.21","0.38","-0.68","1.18","-0.37","2025-04-21"
"910248","0.43","0.44","0.87","1.12","-0.18","2025-04-21"
"910249","-0.47","0.89","-0.58","1.33","-0.49","2025-04-21"
"910250","0.24","0.2","0.97","0.73","-0.14","2025-04-21"
"910251","-0.11","0.31","-0.51","0.87","-0.36","2025-04-21"
"910252","0.34","0.4","0.73","0.85","-0.25","2025-04-21"
"910253","-0.18","0.31","-0.73","1.04","-0.27","2025-04-21"
"910254","-0.04","0.39","-0.22","1.4","-0.23","2025-04-21"
"910255","0.28","0.39","0.6","1.3","-0.26","2025-04-21"
"910256","-0.12","0.45","-0.37","1.48","-0.37","2025-04-21"
"910257","0.05","0.25","0.01","0.81","-0.17","2025-04-21"
"910258","-0.37","0.38","-1.1","1.12","-0.43","2025-04-21"
"910259","0.16","0.39","0.29","0.86","-0.39","2025-04-21"
"910260","-0.29","0.39","-0.86","0.91","-0.37","2025-04-21"
"910261","0.03","0.5","-0.03","1.37","-0.33","2025-04-21"
"910262","0.06","0.23","0.06","0.62","-0.15","2025-04-21"
"910263","-0.03","0.27","-0.28","0.9","-0.26","2025-04-21"
"910264","0.13","0.21","0.4","0.28","-0.14","2025-04-21"
"910265","0.22","0.37","0.47","1.04","-0.21","2025-04-21"
"910266","0.31","0.33","0.8","0.95","-0.24","2025-04-21"
"910267","-0.03","0.16","-0.48","0.73","-0.13","2025-04-21"
"910268","0.53","0.24","2.01","0.15","-0.09","2025-04-21"
"910269","0.27","0.3","0.74","0.3","-0.18","2025-04-21"
"910270","0.19","0.21","0.68","0.38","-0.19","2025-04-21"
"910271","0.05","0.44","0.01","1.31","-0.32","2025-04-21"
"910272","-0.11","0.44","-0.36","1.13","-0.31","2025-04-21"
"910273","0.18","0.22","0.61","0.25","-0.15","2025-04-21"
"910274","0.22","0.26","0.67","1.07","-0.26","2025-04-21"
"910275","0.61","0.28","2.01","0.74","-0.18","2025-04-21"
"910276","0.08","0.58","0.06","1.58","-0.44","2025-04-21"
"910277","-0.08","0.64","-0.2","1.71","-0.35","2025-04-21"
"910278","-0.15","0.26","-0.76","0.38","-0.25","2025-04-21"
"910279","0.32","0.26","1.05","0.19","-0.13","2025-04-21"
"910280","0.11","0.24","0.26","0.49","-0.26","2025-04-21"
"910281","0.09","0.27","0.16","0.64","-0.15","2025-04-21"
"910282","-0.33","0.68","-0.55","1.81","-0.47","2025-04-21"
"910283","-0.33","0.7","-0.54","0.82","-0.45","2025-04-21"
"910284","-0.34","0.44","-0.88","1.12","-0.44","2025-04-21"
"910285","0.13","0.36","0.23","0.57","-0.37","2025-04-21"
"910286","-0.29","0.38","-0.89","1.12","-0.44","2025-04-21"
"910287","0.21","0.38","0.43","1.04","-0.25","2025-04-21"
"910288","0.13","0.43","0.19","0.58","-0.25","2025-04-21"
"910289","0.03","0.2","-0.08","0.85","-0.15","2025-04-21"
"910290","0.38","0.36","0.93","1.27","-0.25","2025-04-21"
"910291","-0.11","0.38","-0.41","0.98","-0.25","2025-04-21"
"910292","0.05","0.26","0.01","0.36","-0.31","2025-04-21"
"910293","0.17","0.24","0.51","0.82","-0.12","2025-04-21"
"910294","-0.02","0.27","-0.25","0.88","-0.25","2025-04-21"
"910295","-0.26","0.54","-0.57","1.24","-0.41","2025-04-21"
"910296","-0.39","0.35","-1.25","1.04","-0.45","2025-04-21"
"910297","0.2","0.34","0.45","1.02","-0.29","2025-04-21"
"910298","-0.36","0.45","-0.9","1.04","-0.4","2025-04-21"
"910299","0.13","0.34","0.25","0.67","-0.35","2025-04-21"
"910300","-0.09","0.31","-0.44","1.22","-0.31","2025-04-21"
"910301","0.14","0.18","0.52","0.67","-0.11","2025-04-21"
"910302","-0.16","0.29","-0.71","1.03","-0.27","2025-04-21"
"910303","-0.14","0.32","-0.58","0.98","-0.31","2025-04-21"
"910304","0.13","0.23","0.36","1.06","-0.17","2025-04-21"
"910305","-0.07","0.5","-0.23","1.31","-0.29","2025-04-21"
"910306","0.07","0.24","0.1","0.42","-0.15","2025-04-21"
"910307","0.2","0.22","0.7","0.49","-0.11","2025-04-21"
"910308","0.33","0.32","0.89","0.45","-0.24","2025-04-21"
"910309","0.08","0.24","0.14","0.66","-0.13","2025-04-21"
"910310","-0.36","0.3","-1.36","0.33","-0.41","2025-04-21"
"910311","0.01","0.45","-0.08","1.53","-0.32","2025-04-21"
"910312","0.08","0.34","0.1","1.01","-0.22","2025-04-21"
"910313","-0.18","0.42","-0.54","1.08","-0.36","2025-04-21"
"910314","-0.32","0.53","-0.69","1.54","-0.45","2025-04-21"
"910315","-0.54","0.74","-0.79","1.76","-0.64","2025-04-21"
"910316","-0.43","0.89","-0.54","1.65","-0.58","2025-04-21"
"910317","-0.11","0.28","-0.56","1.16","-0.24","2025-04-21"
"910318","0.32","0.23","1.19","0.71","-0.12","2025-04-21"
"910319","-0.76","1.02","-0.79","1.16","-0.85","2025-04-21"
"910320","-0.06","0.51","-0.21","1.3","-0.39","2025-04-21"
"910321","-0.1","0.54","-0.27","0.5","-0.27","2025-04-21"
"910322","-0.04","0.31","-0.28","0.56","-0.23","2025-04-21"
"910323","0.05","0.23","0.01","0.45","-0.25","2025-04-21"
"910324","-0.2","0.94","-0.26","2.0","-0.52","2025-04-21"
"910325","0.07","0.29","0.08","0.71","-0.19","2025-04-21"
"910326","0.15","0.29","0.36","1.07","-0.25","2025-04-21"
"910327","0.27","0.39","0.57","1.17","-0.29","2025-04-21"
"910328","-0.07","0.45","-0.26","1.06","-0.26","2025-04-21"
"910329","0.25","0.24","0.85","0.85","-0.21","2025-04-21"
"910330","0.08","0.34","0.1","1.16","-0.2","2025-04-21"
"910331","0.22","0.27","0.64","0.87","-0.2","2025-04-21"
"910332","-0.18","0.46","-0.49","1.14","-0.43","2025-04-21"
"910333","0.58","0.4","1.33","1.22","-0.19","2025-04-21"
"910334","0.48","0.47","0.92","0.51","-0.37","2025-04-21"
"910335","0.08","0.26","0.13","1.02","-0.21","2025-04-21"
"910336","0.22","0.27","0.64","1.04","-0.21","2025-04-21"
"910337","0.11","0.33","0.19","0.62","-0.24","2025-04-21"
"910338","-0.39","0.51","-0.86","1.06","-0.44","2025-04-21"
"910339","0.53","0.2","2.42","0.5","-0.1","2025-04-21"
"910340","-0.3","0.33","-1.05","0.96","-0.39","2025-04-21"
"910341","-0.07","0.34","-0.34","0.88","-0.25","2025-04-21"
"910342","0.15","0.32","0.32","1.09","-0.25","2025-04-21"
"910343","0.22","0.24","0.72","0.34","-0.2","2025-04-21"
"910344","-0.06","0.72","-0.15","1.96","-0.47","2025-04-21"
"910345","0.34","0.63","0.47","1.01","-0.26","2025-04-21"
"910346","-0.42","0.48","-0.97","1.19","-0.46","2025-04-21"
"910347","0.16","0.84","0.13","2.03","-0.37","2025-04-21"
"910348","-0.06","0.29","-0.37","0.96","-0.32","2025-04-21"
"910349","-0.25","0.58","-0.51","1.67","-0.47","2025-04-21"
"910350","0.28","0.23","1.01","0.52","-0.13","2025-04-21"
"910351","-0.4","0.38","-1.18","1.2","-0.46","2025-04-21"
"910352","-0.3","0.47","-0.74","1.11","-0.36","2025-04-21"
"910353","-0.17","0.32","-0.68","0.85","-0.32","2025-04-21"
"910354","-0.46","0.75","-0.68","1.95","-0.59","2025-04-21"
"910355","0.17","0.35","0.35","1.1","-0.32","2025-04-21"
"910356","0.08","0.51","0.07","1.0","-0.35","2025-04-21"
"910357","0.04","0.24","-0.03","0.78","-0.14","2025-04-21"
"910358","-0.22","0.36","-0.74","0.82","-0.25","2025-04-21"
"910359","0.07","0.28","0.08","0.77","-0.28","2025-04-21"
"910360","3.29","1.01","3.21","1.97","-0.41","2025-04-21"
"910361","0.22","0.43","0.4","1.15","-0.27","2025-04-21"
"910362","0.07","0.52","0.04","0.98","-0.3","2025-04-21"
"910363","0.04","0.41","-0.02","1.24","-0.27","2025-04-21"
"910364","0.23","0.25","0.73","0.9","-0.12","2025-04-21"
"910365","0.15","0.51","0.2","1.47","-0.27","2025-04-21"
"910366","-0.04","0.46","-0.19","1.4","-0.37","2025-04-21"
"910367","0.02","0.34","-0.08","1.1","-0.3","2025-04-21"
"910368","-0.12","0.22","-0.76","0.41","-0.21","2025-04-21"
"910369","-0.08","0.27","-0.47","0.44","-0.29","2025-04-21"
"910370","0.08","0.29","0.12","0.69","-0.3","2025-04-21"
"910371","0.91","0.28","3.08","0.43","-0.11","2025-04-21"
"910372","-0.35","0.41","-0.97","0.96","-0.4","2025-04-21"
"910373","0.38","0.2","1.67","0.44","-0.13","2025-04-21"
"910374","0.08","0.31","0.11","1.04","-0.3","2025-04-21"
"910375","-0.16","0.37","-0.56","1.0","-0.25","2025-04-21"
"910376","-0.23","0.3","-0.92","1.02","-0.31","2025-04-21"
"910377","0.42","0.19","1.97","0.52","-0.09","2025-04-21"
"910378","-0.05","0.33","-0.29","1.15","-0.22","2025-04-21"
"910379","0.12","0.2","0.37","0.37","-0.12","2025-04-21"
"910380","0.3","0.28","0.9","0.48","-0.12","2025-04-21"
"910381","-0.08","0.35","-0.36","0.96","-0.3","2025-04-21"
"910382","-0.03","0.33","-0.23","1.11","-0.26","2025-04-21"
"910383","0.34","0.25","1.17","0.6","-0.17","2025-04-21"
"910384","-0.2","0.3","-0.82","1.2","-0.32","2025-04-21"
"910385","0.17","0.26","0.47","0.59","-0.26","2025-04-21"
"910386","-0.11","0.39","-0.4","1.16","-0.38","2025-04-21"
"910387","0.08","0.52","0.06","1.15","-0.34","2025-04-21"
"910388","-0.17","0.54","-0.4","1.53","-0.44","2025-04-21"
"910389","0.31","0.24","1.1","0.41","-0.09","2025-04-21"
"910390","0.3","0.49","0.52","1.26","-0.36","2025-04-21"
"910391","0.11","0.34","0.19","1.11","-0.28","2025-04-21"
"910392","0.31","0.26","1.01","0.77","-0.14","2025-04-21"
"910393","0.21","0.2","0.82","0.58","-0.19","2025-04-21"
"910394","0.31","0.22","1.2","0.91","-0.15","2025-04-21"
"910395","-0.37","0.33","-1.26","0.59","-0.54","2025-04-21"
"910396","0.07","0.35","0.07","1.21","-0.32","2025-04-21"
"910397","0.31","0.19","1.39","0.54","-0.09","2025-04-21"
"910398","0.16","0.46","0.25","0.8","-0.2","2025-04-21"
"910399","-0.08","0.38","-0.33","0.97","-0.28","2025-04-21"
"910400","-0.16","0.41","-0.5","1.1","-0.28","2025-04-21"
"910401","0.3","0.25","1.01","0.58","-0.12","2025-04-21"
"910402","0.06","0.24","0.06","0.77","-0.13","2025-04-21"
"910403","0.05","0.28","0.01","1.02","-0.21","2025-04-21"
"910404","0.53","0.55","0.88","1.75","-0.35","2025-04-21"
"910405","0.14","0.24","0.39","0.94","-0.19","2025-04-21"
"910406","-0.1","0.47","-0.31","1.3","-0.34","2025-04-21"
"910407","0.2","0.31","0.49","0.62","-0.22","2025-04-21"
"910408","-0.3","0.42","-0.83","1.07","-0.36","2025-04-21"
"910409","-0.07","0.48","-0.24","1.18","-0.4","2025-04-21"
"910410","0.11","0.37","0.17","0.62","-0.32","2025-04-21"
"910411","0.04","0.51","-0.01","1.46","-0.38","2025-04-21"
"910412","0.09","0.27","0.16","0.83","-0.21","2025-04-21"
"910413","0.13","0.3","0.28","1.17","-0.24","2025-04-21"
"910414","-0.42","0.73","-0.64","1.56","-0.58","2025-04-21"
"910415","0.1","0.28","0.19","0.23","-0.17","2025-04-21"
"910416","-0.12","0.51","-0.33","1.19","-0.33","2025-04-21"
"910417","0.11","0.3","0.21","0.86","-0.17","2025-04-21"
"910418","0.07","0.39","0.06","0.79","-0.28","2025-04-21"
"910419","0.4","0.21","1.68","0.38","-0.13","2025-04-21"
"910420","-0.1","0.51","-0.29","1.13","-0.29","2025-04-21"
"910421","-0.34","0.5","-0.77","1.22","-0.48","2025-04-21"
"910422","-0.02","0.53","-0.13","1.02","-0.31","2025-04-21"
"910423","0.15","0.32","0.32","1.2","-0.26","2025-04-21"
"910424","-0.14","0.44","-0.42","1.19","-0.29","2025-04-21"
"910425","0.12","0.25","0.29","0.78","-0.18","2025-04-21"
"910426","0.04","0.25","-0.03","0.94","-0.15","2025-04-21"
"910427","-0.68","2.2","-0.33","1.69","-0.81","2025-04-21"
"910428","0.22","0.54","0.32","1.44","-0.38","2025-04-21"
"910429","-0.24","0.49","-0.58","1.38","-0.39","2025-04-21"
"910430","-0.03","0.24","-0.32","0.81","-0.16","2025-04-21"
"910431","0.66","0.26","2.36","0.62","-0.14","2025-04-21"
"910432","-0.2","0.33","-0.75","1.33","-0.34","2025-04-21"
"910433","0.46","0.32","1.29","0.77","-0.19","2025-04-21"
"910434","0.6","0.5","1.11","1.28","-0.32","2025-04-21"
"910435","0.56","0.41","1.25","1.2","-0.26","2025-04-21"
"910436","-0.41","0.51","-0.9","0.9","-0.46","2025-04-21"
"910437","-0.09","0.3","-0.46","1.2","-0.23","2025-04-21"
"910438","0.15","0.3","0.34","0.92","-0.16","2025-04-21"
"910439","-0.32","0.73","-0.5","1.74","-0.58","2025-04-21"
"910440","0.54","1.06","0.47","1.98","-0.54","2025-04-21"
"910441","-0.09","0.45","-0.3","1.23","-0.33","2025-04-21"
"910442","1.26","0.74","1.64","1.13","-0.37","2025-04-21"
"910443","-0.29","0.34","-0.99","1.18","-0.36","2025-04-21"
"910444","-0.23","0.29","-0.95","0.83","-0.33","2025-04-21"
"910445","0.39","0.2","1.72","0.82","-0.11","2025-04-21"
"910446","0.54","0.35","1.41","0.67","-0.21","2025-04-21"
"910447","0.04","0.34","-0.02","0.75","-0.2","2025-04-21"
"910448","0.13","0.32","0.26","1.01","-0.25","2025-04-21"
"910449","0.15","0.31","0.33","1.12","-0.13","2025-04-21"
"910450","0.17","0.3","0.41","0.61","-0.12","2025-04-21"
"910451","-0.01","0.4","-0.14","1.4","-0.29","2025-04-21"
"910452","0.06","0.36","0.04","1.2","-0.27","2025-04-21"
"910453","0.43","0.3","1.28","1.02","-0.19","2025-04-21"
"910454","0.09","0.25","0.17","0.48","-0.17","2025-04-21"
"910455","-0.02","0.34","-0.2","1.07","-0.31","2025-04-21"
"910456","0.01","0.54","-0.07","1.42","-0.31","2025-04-21"
"910457","0.22","0.25","0.69","0.83","-0.18","2025-04-21"
"910458","-0.16","0.46","-0.45","1.0","-0.3","2025-04-21"
"910459","-0.03","0.26","-0.29","0.77","-0.18","2025-04-21"
"910460","0.6","0.76","0.73","1.63","-0.49","2025-04-21"
"910461","-0.29","0.38","-0.89","0.85","-0.37","2025-04-21"
"910462","-0.09","0.47","-0.29","1.46","-0.37","2025-04-21"
"910463","-0.02","0.48","-0.14","0.51","-0.27","2025-04-21"
"910464","0.09","0.38","0.11","0.9","-0.32","2025-04-21"
"910465","-0.33","0.45","-0.84","0.99","-0.36","2025-04-21"
"910466","0.68","0.25","2.53","0.84","-0.14","2025-04-21"
"910467","-0.01","0.24","-0.24","0.72","-0.25","2025-04-21"
"910468","0.35","0.23","1.32","0.81","-0.09","2025-04-21"
"910469","0.33","0.24","1.18","0.7","-0.09","2025-04-21"
"910470","0.18","0.26","0.51","0.31","-0.14","2025-04-21"
"910471","0.24","0.3","0.64","0.56","-0.23","2025-04-21"
"910472","-0.29","0.42","-0.8","0.82","-0.45","2025-04-21"
"910473","0.27","0.22","1.02","0.78","-0.15","2025-04-21"
"910474","0.22","0.24","0.72","0.92","-0.15","2025-04-21"
"910475","0.72","1.15","0.59","1.15","-0.49","2025-04-21"
"910476","-0.06","0.3","-0.36","0.96","-0.24","2025-04-21"
"910477","0.29","0.27","0.9","0.59","-0.12","2025-04-21"
"910478","0.06","0.25","0.05","0.78","-0.25","2025-04-21"
"910479","0.18","0.33","0.4","1.06","-0.24","2025-04-21"
"910480","-0.34","0.87","-0.44","0.7","-0.53","2025-04-21"
"910481","0.58","0.28","1.9","0.45","-0.22","2025-04-21"
"910482","-0.25","0.34","-0.87","1.06","-0.3","2025-04-21"
"910483","0.0","0.77","-0.06","1.28","-0.38","2025-04-21"
"910484","0.14","0.22","0.42","0.5","-0.12","2025-04-21"
"910485","0.02","0.44","-0.06","0.95","-0.26","2025-04-21"
"910486","0.44","0.19","2.07","0.33","-0.1","2025-04-21"
"910487","0.18","0.4","0.33","1.09","-0.25","2025-04-21"
"910488","0.7","0.23","2.84","0.79","-0.13","2025-04-21"
"910489","-0.47","0.85","-0.61","0.86","-0.51","2025-04-21"
"910490","-0.32","0.62","-0.59","1.51","-0.5","2025-04-21"
"910491","-0.17","0.29","-0.75","1.06","-0.26","2025-04-21"
"910492","0.0","0.71","-0.07","1.26","-0.37","2025-04-21"
"910493","0.62","0.29","1.98","0.72","-0.12","2025-04-21"
"910494","0.26","0.21","1.02","0.67","-0.11","2025-04-21"
"910495","-0.14","0.44","-0.42","1.25","-0.25","2025-04-21"
"910496","-0.24","0.48","-0.6","1.34","-0.38","2025-04-21"
"910497","0.38","0.21","1.59","0.41","-0.12","2025-04-21"
"910498","-0.13","0.29","-0.61","1.01","-0.29","2025-04-21"
"910499","0.06","0.25","0.05","0.64","-0.13","2025-04-21"
"910500","-0.19","0.47","-0.5","1.47","-0.49","2025-04-21"
"910501","-0.19","0.26","-0.91","0.76","-0.2","2025-04-21"
"910502","-0.02","0.29","-0.23","0.83","-0.26","2025-04-21"
"910503","0.05","0.21","0.02","1.0","-0.19","2025-04-21"