stock_id,trailing_pe,forward_pe,price_to_book,price_to_sales,peg_ratio,profit_margin,return_on_equity,return_on_assets,revenue_growth,eps_growth,dividend_yield,debt_to_equity,current_ratio,market_cap,operating_cash_flow,free_cash_flow,created_at
910000,18.687326,17.173418,19.049423,3.0746768,,0.16981001,0.91850996,0.05929,0.001,-0.23,0.028630344,350.77,1.411,75560181760.0,1819000064.0,1678875008.0,2025-04-22
910001,17.365013,15.487715,4.8298984,2.4245057,,0.13976,0.28627002,0.13533,-0.077,-0.201,0.021066278,12.132,1.552,9257005056.0,581800000.0,390000000.0,2025-04-22
910002,17.209423,25.48062,4.7769217,5.43035,,0.31886,,,0.04,0.082,0.017553315,31.889,,229942738944.0,,,2025-04-22
910003,72.80147,14.284213,91.96789,5.5313716,,0.07594,0.62292,0.084910005,0.056,,0.03696521,2021.968,0.66,311604281344.0,18805999616.0,19977500672.0,2025-04-22
910004,23.351484,20.115139,6.0622025,2.6651833,,0.114300005,0.26965,0.11576,0.054,0.068,0.020520717,26.706,1.477,179157598208.0,10407318528.0,8601244672.0,2025-04-22
910005,22.984148,16.933334,11.559646,6.839417,,0.30635,0.47284,0.17194,0.103,1.921,0.0,50.118,1.185,150720233472.0,9363999744.0,8357374976.0,2025-04-22
910006,86.4728,16.955452,2.4364026,5.5719204,,0.06364,0.02893,0.019019999,0.242,-0.277,0.0,4.032,2.616,143671967744.0,3040999936.0,3506249984.0,2025-04-22
910007,4.2173,4.9236455,1.9502438,0.60200626,,0.13675,0.10055,0.02733,-0.002,,0.07071429,351.227,0.797,7391432704.0,2752000000.0,-6709125120.0,2025-04-22
910008,11.168224,15.0,2.2664056,3.174495,,0.28757998,0.22639999,0.03384,0.43,6.097,0.019053062,37.796,1.824,60083666944.0,2707000064.0,4852624896.0,2025-04-22
910009,23.44954,18.095575,4.8386183,4.5605955,,0.19271,0.20614,0.08392999,0.014,-0.086,0.009535208,58.736,2.197,29794371584.0,1696999936.0,1090625024.0,2025-04-22
910010,15.191551,18.525759,3.498734,4.953045,,0.31877002,0.22396,0.048249997,-0.022,0.013,0.027486607,80.976,1.113,59608412160.0,3831800064.0,-3522674944.0,2025-04-22
910011,27.927006,25.506666,8.500963,6.486569,,0.23852,0.31948,0.07671,0.118,,0.0,27.271,1.691,72013889536.0,4518000128.0,3145625088.0,2025-04-22
910012,22.349602,10.9405985,2.2475383,2.7328231,,0.12651,0.10657,0.03924,0.025,-0.132,0.0,95.003,1.233,10907156480.0,1519170944.0,642833152.0,2025-04-22
910013,,29.626795,0.82944024,1.1926571,,-0.21933001,-0.11432,-0.02142,-0.477,,0.0303659,35.769,1.954,6413544448.0,702067968.0,-1232473600.0,2025-04-22
910014,42.894444,22.444767,0.74323994,4.395338,,0.10339,0.02269,0.0141900005,0.05,,0.068532944,56.93,2.576,13728631808.0,1504524032.0,1419939840.0,2025-04-22
910015,31.109623,17.010233,3.3459547,3.195046,,0.10537,0.112629995,0.06866,0.04,-0.163,0.0,3.097,1.223,12777027584.0,738230976.0,620710528.0,2025-04-22
910016,18.436949,16.141207,7.2272673,2.9399765,,0.1584,0.42391,0.11255,0.054,0.215,0.015575566,143.313,2.041,11090179072.0,675000000.0,465737504.0,2025-04-22
910017,22.511152,18.747679,2.21927,4.0068064,,0.17332001,0.10014,0.02645,0.016,0.24,0.0323832,151.585,0.436,15951095808.0,1167000064.0,-1091374976.0,2025-04-22
910018,11.316657,10.10352,2.620839,0.82801527,,0.0728,0.23586,0.03618,0.113,0.295,0.019684408,38.943,0.391,53080748032.0,8931000320.0,7449750016.0,2025-04-22
910019,18.750935,16.804688,5.655849,5.403034,,0.28604,0.32908002,0.1674,0.118,0.283,0.0054174853,8.655,1.837,1891159244800.0,125298999296.0,56580751360.0,2025-04-22
910020,19.0,17.089386,5.7452483,5.4082084,,0.28604,0.32908002,0.1674,0.118,0.283,0.005338316,8.655,1.837,1892970266624.0,125298999296.0,56580751360.0,2025-04-22
910021,8.943425,10.932711,-44.17674,4.868969,,0.55097,,0.20511,0.016,0.475,0.06940829,,0.514,99541204992.0,8753000448.0,4630249984.0,2025-04-22
910022,31.330326,28.222765,6.429471,2.9784322,,0.09287,0.24290001,0.07438,0.105,0.883,0.0,54.342,1.064,1900227198976.0,115877003264.0,44635873280.0,2025-04-22
910023,17.31818,12.056961,3.6354961,1.0254922,,0.05894,0.20721,0.05138,-0.003,0.216,0.054242745,197.441,1.259,13885163520.0,1252000000.0,691500032.0,2025-04-22
910024,22.323528,20.054878,2.1983824,3.7214644,,0.16139,0.100080006,0.026630001,0.205,0.31,0.027777778,153.508,0.663,27256006656.0,2763000064.0,-2150874880.0,2025-04-22
910025,19.267025,18.252972,2.1263845,2.9711528,,0.15045,0.113859996,0.02861,0.026,0.975,0.033829242,170.451,0.445,58594996224.0,6804299776.0,-2010387456.0,2025-04-22
910026,17.5297,16.590609,5.6356854,2.9350972,,0.16561002,0.34273,0.03727,0.088,0.06,0.012040741,170.351,1.574,182119858176.0,13262000128.0,,2025-04-22
910027,19.882063,12.059612,1.153561,1.7866375,,-0.05195,0.057540003,0.00754,0.088,8.656,0.019652305,23.008,0.662,48286261248.0,3272999936.0,16325749760.0,2025-04-22
910028,31.9479,32.512516,30.508568,10.42297,,0.22267,0.31768,0.04532,-0.086,13.483,0.029726133,455.544,0.449,105555501056.0,5290500096.0,4369562624.0,2025-04-22
910029,27.636616,26.085089,2.8050597,6.24369,,0.22438,0.10443,0.03457,0.164,0.398,0.020410521,136.702,0.386,29245446144.0,2044999936.0,-1192625024.0,2025-04-22
910030,14.027367,12.008413,8.532945,2.5531507,,0.18972,0.68314004,0.02264,0.115,1.841,0.012833869,70.39,2.601,45767778304.0,6594999808.0,2836875008.0,2025-04-22
910031,26.743677,21.724657,3.789305,5.358974,,0.19826001,0.1497,0.07501,0.018,0.129,0.007214171,24.075,1.24,37197602816.0,1828848000.0,1517073024.0,2025-04-22
910032,36.659603,13.390421,25.28595,4.510949,,0.122370005,0.67553,0.064,0.109,-0.183,0.032885123,1035.886,1.257,150773956608.0,11489999872.0,13725875200.0,2025-04-22
910033,33.989586,30.212963,8.059775,5.3150463,,0.15923999,0.26709998,0.10873,0.298,0.451,0.008649159,73.865,2.372,80909352960.0,2814700032.0,1635900032.0,2025-04-22
910034,56.92332,23.629972,2.5197284,9.532877,,0.16747999,0.04429,0.02616,-0.036,-0.154,0.021429796,21.725,1.93,89014444032.0,3840506112.0,2997512704.0,2025-04-22
910035,46.233585,27.504993,4.3553233,10.598524,,0.22622,0.10032,0.058369998,0.096,0.029,0.0,14.222,3.008,26971219968.0,795740032.0,670905344.0,2025-04-22
910036,29.129704,20.921795,12.838944,5.167392,,0.16906999,0.9564,0.06616,0.229,0.438,0.007416772,278.258,1.019,81117716480.0,3035000064.0,3406625024.0,2025-04-22
910037,7.008855,5.785491,1.101045,0.63139343,,0.08488,0.22242,0.07467,0.245,-0.8,0.06557377,100.865,1.152,5980558848.0,3620000000.0,1848249984.0,2025-04-22
910038,16.836971,14.553657,4.4037466,2.88218,,0.1768,0.22670001,0.01844,-0.526,-0.461,0.015464349,103.066,1.507,74613874688.0,3252999936.0,,2025-04-22
910039,31.644444,23.990372,44.921135,7.7170815,,0.24295,1.3652,0.22518998,0.04,0.071,0.0051252847,145.0,0.923,3054035795968.0,108293996544.0,93833871360.0,2025-04-22
910040,18.099346,14.288959,6.0396953,4.1277866,,0.22952999,0.35186002,0.15558,0.068,-0.413,0.011803328,35.372,2.675,114071379968.0,7277000192.0,3825750016.0,2025-04-22
910041,7.5122128,7.490688,1.3970981,0.61715555,,0.09064999,0.17297001,0.05511,-0.002,-0.704,0.0,97.832,1.525,12165987328.0,2446000128.0,1540749952.0,2025-04-22
910042,8.212243,10.165376,1.7233005,2.0410228,,0.24725,0.22014,0.044499997,0.144,-0.599,0.0,13.886,1.073,35595436032.0,6672999936.0,10380000256.0,2025-04-22
910043,13.419178,9.660749,1.056127,0.27496833,,0.02105,0.07587,0.0233,-0.064,0.004,0.041588686,51.438,1.39,23518040064.0,2790000128.0,786625024.0,2025-04-22
910044,30.748878,7.047277,8.653458,12.935597,,0.40725,0.33137,0.15336001,0.253,0.305,0.0,0.597,4.359,90589880320.0,3708235008.0,2822258944.0,2025-04-22
910045,50.418713,29.142733,4.077828,7.9298134,,0.13385999,0.09488,0.030280001,0.114,,0.0075140893,67.281,1.508,86652239872.0,2582899968.0,3038374912.0,2025-04-22
910046,12.986159,10.4715395,1.8679261,0.82594275,,0.064,0.15332,0.01893,0.041,0.103,0.016098332,42.013,0.437,9810135040.0,1332700032.0,901337472.0,2025-04-22
910047,18.107382,12.044642,1.8549329,1.6375105,,0.089490004,0.10226,0.04123,0.009,0.865,0.042157236,121.359,0.665,200326496256.0,38770999296.0,15880875008.0,2025-04-22
910048,22.93553,22.421568,1.9882264,6.113225,,0.25902998,0.09009,0.03504,0.015,0.13,0.020985054,66.587,1.556,25573095424.0,1770488064.0,-1564768256.0,2025-04-22
910049,50.90313,28.334965,21.237345,9.221588,,0.18136999,0.49687,0.085260004,0.116,0.074,0.0,97.634,0.676,56537554944.0,1607000064.0,2106375040.0,2025-04-22
910050,30.382292,26.83257,23.370996,6.138854,,0.19764,0.83716005,0.054569997,0.081,0.097,0.020150956,86.202,0.999,122184065024.0,4773400064.0,4454924800.0,2025-04-22
910051,24.400162,20.83364,-13.643696,3.2848535,,0.13961,,0.13438,0.024,-0.053,0.0,,0.842,61336481792.0,3135281920.0,1432363648.0,2025-04-22
910052,26.991354,37.076572,2.4438334,9.942336,,0.36499,0.09122,0.02898,0.054,0.166,0.033698402,69.094,0.5,29473449984.0,1607878016.0,1233305856.0,2025-04-22
910053,19.93406,16.523289,5.99893,1.5845736,,0.08051,0.31751,0.085880004,0.036,0.216,0.020410579,146.084,1.075,13874051072.0,938800000.0,779512512.0,2025-04-22
910054,114.98029,89.38791,18.24243,21.38989,,0.18105,0.19122,0.012180001,0.336,1.369,0.0,31.41,2.303,44545003520.0,408312000.0,392341376.0,2025-04-22
910055,12.85906,14.910506,2.2454002,1.4037356,,0.10705,0.18469,0.0563,0.077,1.68,0.022222223,39.261,1.325,39064559616.0,3332000000.0,1923124992.0,2025-04-22
910056,35.270073,13.688385,2.3853483,1.1587622,,0.33980998,0.08805,0.04004,-0.008,,0.016913319,101.467,0.999,13667601408.0,115000000.0,337249984.0,2025-04-22
910057,11.338806,10.378415,1.0439454,2.9858603,,0.28582,0.094560005,0.00841,0.057,0.108,0.027627302,,,290981052416.0,,,2025-04-22
910058,,10.114583,2.1371973,1.4220294,,-0.06102,-0.042090002,0.02053,0.01,,0.036440082,191.472,1.36,15124704256.0,1019000000.0,319000000.0,2025-04-22
910059,33.58628,12.682931,2.2727299,2.80504,,0.08367,0.06835,0.03698,0.098,0.078,0.019785363,74.422,1.13,57896022016.0,3649999872.0,3359000064.0,2025-04-22
910060,,,,,,,,,,,,,,,,,2025-04-22
910061,14.84813,9.2909355,4.784311,0.323458,,0.02232,0.31633,0.072859995,-0.048,-0.746,0.060537755,144.836,1.026,13432563712.0,2098000000.0,1455874944.0,2025-04-22
910062,49.520405,22.159817,3.6871295,6.4942904,,0.13222,0.07825,0.05683,0.09,0.27,0.006735424,19.01,3.936,7767275008.0,304716992.0,272247872.0,2025-04-22
910063,10.615831,7.1239495,1.035194,1.8281188,,0.16869,0.10358,0.05289,0.029,0.068,0.0,40.181,1.349,17688694784.0,2875500032.0,3266925056.0,2025-04-22
910064,21.274174,17.833912,2.8567023,6.643118,,0.30093,,,0.116,-0.04,0.024016393,28.816,,139206541312.0,,,2025-04-22
910065,37.893616,21.38422,11.669943,13.349336,,0.20561,0.26601,,-0.082,-0.274,0.03368824,68.543,,165167792128.0,,,2025-04-22
910066,12.401304,11.641653,1.439282,2.9791615,,0.25101998,0.11229,0.01082,0.061,0.19,0.02471637,,,56076759040.0,,,2025-04-22
910067,,342.64893,-30.82791,1.8509291,,-0.17764999,,-0.04269,-0.308,,0.0,,1.319,123118256128.0,-12080000000.0,-9692999680.0,2025-04-22
910068,26.45997,21.765642,-37.434086,6.5068736,,0.24778,,0.18225001,0.144,3.811,0.007887093,,1.31,154466680832.0,8322999808.0,7449750016.0,2025-04-22
910069,76.096,34.093193,6.4426985,8.5391035,,0.11071,0.08889,0.05035,0.224,0.121,0.0,51.029,1.081,143004368896.0,3435000064.0,1807624960.0,2025-04-22
910070,,7.078947,6.18122,2.1089025,,-0.18526,-0.38946998,0.06546,0.075,-0.959,0.049448308,312.772,1.253,101859991552.0,15189999616.0,16890250240.0,2025-04-22
910071,78.07407,27.332253,2.8476384,14.959753,,0.18473,0.14845,0.069759995,0.164,1.727,0.013446843,166.032,1.004,815740354560.0,21259999232.0,25262374912.0,2025-04-22
910072,36.549282,24.978598,12.263056,4.2288084,,0.11359,0.35341,0.08861,0.131,1.026,0.014731673,173.54,1.354,28260704256.0,1039600000.0,1067387520.0,2025-04-22
910073,33.6026,28.42665,5.179303,7.3092737,,0.21074,0.16678,0.052849997,0.152,-0.219,0.0047610654,63.073,1.097,34441297920.0,1174000000.0,859124992.0,2025-04-22
910074,,,,,,,,,,,,,,,,,2025-04-22
910075,12.653421,9.840343,3.0305595,0.81499606,,0.06572,0.23877001,0.09458,-0.08,-0.458,0.0,100.846,1.767,13366336512.0,1872691968.0,1272958080.0,2025-04-22
910076,10.046934,8.631721,1.0848413,0.20290947,,0.02141,0.10438,0.03886,-0.093,-0.023,0.034517765,65.02,2.146,10776116224.0,1900000000.0,347500000.0,2025-04-22
910077,712.99994,34.315506,1.875,3.4185712,,0.00422,0.01044,0.02421,0.045,,0.06264983,213.956,1.057,11555861504.0,1234500992.0,1000691648.0,2025-04-22
910078,23.520727,19.073528,6.2562017,0.61826473,,0.02627,0.29655,0.08492,-0.009,3.821,0.027556852,101.108,1.277,10958715904.0,509084000.0,390621760.0,2025-04-22
910079,66.87793,37.58832,15.087309,15.741778,,0.22740999,0.26133,0.11858,0.269,0.05,0.0,56.202,2.931,73061752832.0,1260551040.0,1004660608.0,2025-04-22
910080,,19.858059,1.3527427,0.5119352,,-0.024719998,-0.04639,0.043119997,-0.009,,0.0,589.077,0.769,5756710912.0,1075000064.0,-52750000.0,2025-04-22
910081,75.53333,69.93827,2.6329856,8.030436,,0.10498,0.03487,0.020680001,-0.003,-0.817,0.03718076,73.492,0.107,12490531840.0,774876992.0,677357120.0,2025-04-22
910082,22.098265,11.2111435,2.9136498,1.126544,,0.05149,0.13423,0.064959995,0.093,-0.148,0.03992547,205.496,0.932,11399498752.0,1238000000.0,493375008.0,2025-04-22
910083,14.610536,10.80396,1.1530467,2.3650472,,0.17337999,0.07987,0.0098,0.135,0.552,0.014531364,,,64792834048.0,18158999552.0,,2025-04-22
910084,24.826494,15.401621,-10.766182,0.1485223,,0.0058999998,,0.0301,-0.038,0.087,0.015376992,,1.015,33012940800.0,8000000.0,595875008.0,2025-04-22
910085,20.34268,17.320955,1.6036739,0.36627963,,0.01775,0.08128,0.01806,0.068,0.788,0.0,311.168,2.31,10331766784.0,624438976.0,354984000.0,2025-04-22
910086,11.474194,10.340116,2.5392632,0.98900384,,0.08071,0.2587,0.048130002,0.075,,0.0,309.246,0.257,25144432640.0,5080000000.0,951500032.0,2025-04-22
910087,48.606556,19.506578,3.6990829,2.3458652,,0.24922001,0.103590004,0.04147,0.193,5.074,0.01366449,89.232,1.253,52749127680.0,563000000.0,5363749888.0,2025-04-22
910088,13.196914,13.131376,7.1320677,2.216575,,0.16652,0.55327,0.09675,-0.05,0.043,0.019421227,200.118,1.416,143654010880.0,12035000320.0,5219874816.0,2025-04-22
910089,29.89028,23.443356,5.2644324,5.5725436,,0.18681,0.1851,0.09678,0.143,-0.073,0.011007976,37.37,1.777,22816780288.0,1100600064.0,766162496.0,2025-04-22
910090,37.5828,19.668333,4.1754236,1.0069865,,0.02706,0.113479994,0.03862,0.162,0.021,0.0,63.74,1.074,36016885760.0,1708000000.0,1684875008.0,2025-04-22
910091,18.947302,14.921936,8.510962,0.967056,,0.05133,0.49043998,0.07495,0.033,-0.108,0.016743027,271.148,1.347,20306917376.0,1277299968.0,1079374976.0,2025-04-22
910092,40.244335,17.367054,243.0496,0.18513261,,0.00461,1.98149,0.02861,0.128,-0.188,0.0073979227,2689.426,0.917,56130879488.0,-119254000.0,-164148128.0,2025-04-22
910093,9.427893,8.450284,1.1170572,0.2098204,,0.02246,0.12557,0.03701,0.023,5.289,0.0,73.289,1.109,30879059968.0,154000000.0,653124992.0,2025-04-22
910094,23.51266,21.350576,2.2699502,2.8571155,,0.1179,0.10023,0.029649999,0.037,0.292,0.022197861,196.803,1.083,24694050816.0,2139000064.0,-3061250048.0,2025-04-22
910095,11.093472,12.098705,2.5480506,2.0968223,,0.20518999,0.18503,0.07745,-0.03,0.197,0.026620526,42.756,3.081,12446737408.0,2271000064.0,1585500032.0,2025-04-22
910096,519.7,10.110895,1.5356431,1.3020176,,0.00548,0.0070599997,0.0434,-0.011,,0.0,79.277,1.411,5273157120.0,734577024.0,517329984.0,2025-04-22
910097,23.080303,20.04342,3.5594447,6.866536,,0.31708,,,0.181,0.402,0.013609073,121.987,,140523667456.0,,,2025-04-22
910098,9.41781,9.207239,3.000073,0.89285654,,0.09228,0.34004003,0.055609997,0.016,0.386,0.0,493.104,0.314,49183002624.0,14430000128.0,2851624960.0,2025-04-22
910099,14.0648155,12.383153,1.5877497,1.2588257,,0.09031,0.11266,0.056160003,0.086,0.434,0.048754957,19.334,1.061,246186016768.0,31491999744.0,16345624576.0,2025-04-22
910100,42.315315,35.854965,17.460966,5.825078,,0.1356,0.45673,0.14156,0.131,0.176,0.0,124.212,1.523,65904078848.0,2105075968.0,1169095168.0,2025-04-22
910101,12.641251,12.148664,1.795257,2.0993378,,0.16591999,0.14597,0.0301,0.091,-0.22,0.01283151,30.289,0.387,117315190784.0,16181999616.0,12631749632.0,2025-04-22
910102,43.77848,27.816353,5.8502955,4.271622,,0.09584,0.14247,0.083380006,0.035,0.231,0.01100446,55.162,1.703,26087223296.0,1156199936.0,786350016.0,2025-04-22
910103,27.482246,10.626118,2.220643,0.37113985,,0.0139,0.086260006,0.03925,0.284,0.384,0.017242972,77.521,0.843,91716452352.0,10362999808.0,3789625088.0,2025-04-22
910104,9.060564,17.960436,1.4775864,1.8821341,,0.20216998,0.17608,0.052529998,-0.244,-0.658,0.025367992,6.279,0.628,21341253632.0,2648999936.0,5477250048.0,2025-04-22
910105,47.524364,43.767097,18.00545,8.371455,,0.17532,0.40296,0.15531999,0.084,0.166,0.0075245746,58.617,1.721,84915560448.0,2223195904.0,1619095040.0,2025-04-22
910106,24.19079,14.142307,4.817872,4.1537285,,0.16958,0.20019,0.065560006,0.094,-0.078,0.029427994,71.21,0.867,225032388608.0,13603000320.0,13290500096.0,2025-04-22
910107,10.177726,8.960362,0.62005544,1.690377,,0.18622999,0.06435,0.00541,0.02,0.206,0.035252832,,,121401188352.0,,,2025-04-22
910108,11.311111,9.206718,0.68536365,2.252411,,0.21754,0.06367,0.00703,-0.003,0.117,0.04870977,,,16028155904.0,,,2025-04-22
910109,38.42234,19.342936,-423.45343,2.4443636,,0.063779995,2.7610598,0.11265001,-0.153,1.075,0.035054818,2555.372,0.943,17513865216.0,923000000.0,558124992.0,2025-04-22
910110,27.26708,25.400192,3.5760834,15.640889,,0.57608,0.13249,0.01842,0.06,0.074,0.01766988,14.428,1.007,95726936064.0,3690500096.0,2680574976.0,2025-04-22
910111,22.015015,20.477654,2.735958,2.950691,,0.13347,0.11225,0.02981,0.02,-0.142,0.028571429,189.643,0.792,22174441472.0,2369999872.0,-804750016.0,2025-04-22
910112,30.115852,24.944445,12.821911,6.796233,,0.2259,0.39549,0.09017,0.064,0.113,0.02665934,176.919,1.03,319837536256.0,6805000192.0,14962124800.0,2025-04-22
910113,15.339246,13.863729,2.3767478,1.7629193,,0.11350001,0.16211,0.09838,0.068,-0.022,0.017778432,10.432,2.093,34792976384.0,2124000000.0,2127500032.0,2025-04-22
910114,27.193731,24.72798,365.7088,3.8839855,,0.14372,4.06262,0.16377,-0.001,0.029,0.020908132,1564.706,0.923,78071988224.0,4107000064.0,3401750016.0,2025-04-22
910115,8.243962,7.7922373,1.5109124,1.055685,,0.13086,0.18707001,0.054840002,0.021,0.465,0.036904763,122.184,0.677,130620973056.0,27672999936.0,7656500224.0,2025-04-22
910116,37.808823,9.55762,1.3979663,1.0456744,,0.02804,0.03658,0.05133,-0.063,-0.53,0.05513982,92.778,0.689,12272975872.0,1830499968.0,1283399936.0,2025-04-22
910117,11.459667,11.145704,1.7622967,2.0377154,,0.16377,0.16209,0.08403,-0.031,-0.233,0.035636775,39.12,1.291,114990489600.0,20124000256.0,6668000256.0,2025-04-22
910118,21.496183,20.042706,1.7776375,2.686799,,0.1193,0.08442,0.029979998,0.065,-0.072,0.029920692,126.714,1.036,40989806592.0,3614000128.0,-1466375040.0,2025-04-22
910119,,12.4828615,4.9504604,3.3519647,,-0.00797,-0.0036199999,0.09104,0.012,,0.021574283,161.15,0.921,34219202560.0,3152199936.0,1113662464.0,2025-04-22
910120,16.737373,22.21676,4.7270827,2.8364482,,0.15907,0.30115,0.05151,-0.071,,0.007320492,66.438,1.574,66849406976.0,-2464000000.0,4225374976.0,2025-04-22
910121,38.24155,19.401962,1.9470202,4.07064,,0.10574,0.05251,0.03797,0.036,0.284,0.0,31.251,1.988,15991508992.0,777200000.0,243000000.0,2025-04-22
910122,40.19463,34.41954,6.969626,13.047038,,0.32272997,0.19184999,0.12133,0.14,0.19,0.0,1.434,7.888,58795208704.0,1595926016.0,700636096.0,2025-04-22
910123,72.24139,18.138529,3.348518,2.7917542,,0.03857,0.051620003,0.03083,0.169,,0.027518427,73.089,1.625,36622233600.0,1939000064.0,1139250048.0,2025-04-22
910124,21.942694,13.81064,6.8840594,5.6041937,,0.25254,0.31228,0.06565,0.104,-0.039,0.0,257.164,0.996,22274365440.0,1940564992.0,992179520.0,2025-04-22
910125,49.209015,18.702492,1.730215,2.4506018,,0.053639997,0.035,0.02911,0.073,,0.011332883,13.229,1.454,41434775552.0,2144999936.0,2780375040.0,2025-04-22
910126,234.7794,71.272316,4.3274965,12.60323,,0.05069,0.01863,0.00032000002,0.108,-0.38,0.0,14.928,8.963,34484957184.0,392600000.0,-202062496.0,2025-04-22
910127,57.2958,49.900913,17.037352,1.7131861,,0.028859999,0.32894,0.087349996,0.09,0.026,0.004698414,31.431,0.997,452428464128.0,11964999680.0,5603500032.0,2025-04-22
910128,16.823334,10.830473,1.4134879,3.8310907,,0.21377,0.08565,0.04121,-0.035,-0.286,0.033857316,28.957,2.923,20090241024.0,2795000064.0,744875008.0,2025-04-22
910129,,86.59251,27.945734,24.007978,,-0.00487,-0.00587,-0.0046900003,0.252,,0.0,23.77,1.766,94918524928.0,1381726976.0,1288636928.0,2025-04-22
910130,,38.98694,-341.45425,7.0259957,,-0.59424,-1.24936,0.03994,-0.015,,0.061294433,,0.501,46146740224.0,2943000064.0,1286625024.0,2025-04-22
910131,16.565477,13.70936,4.2960787,3.6898813,,0.22658001,0.26121,0.07445,-0.07,-0.266,0.017844139,162.012,0.883,52698886144.0,5436000256.0,2121124992.0,2025-04-22
910132,9.767795,12.309502,3.7083461,1.1507198,,0.11571,0.38356,0.07453,-0.011,,0.025527881,67.978,1.313,39241846784.0,1487000064.0,-79125000.0,2025-04-22
910133,17.901638,10.111111,1.0925827,0.23040783,,0.01245,0.0602,0.01993,0.036,-0.196,0.041237116,109.494,0.811,85402042368.0,9107000320.0,6909125120.0,2025-04-22
910134,36.997166,23.355011,2.8407307,5.924193,,0.16330999,0.075679995,0.03976,0.021,0.006,0.0058391006,34.603,1.397,141440106496.0,6688000000.0,4670499840.0,2025-04-22
910135,22.528683,18.965908,10.64583,2.0244927,,0.0896,0.48222,0.07198,0.062,0.034,0.027959608,357.83,0.386,23812691968.0,1667600000.0,765237504.0,2025-04-22
910136,12.50699,11.907719,89.22872,0.8787089,,0.073060006,0.5174,0.071490005,0.047,0.721,0.0,576.988,1.26,11261137920.0,2022038016.0,1176344064.0,2025-04-22
910137,487.18182,24.248869,3.346447,4.9865193,,0.01028,0.00732,0.00698,0.164,-0.763,0.0,48.419,1.126,8776273920.0,281100000.0,260375008.0,2025-04-22
910138,17.180195,16.639936,6.1049905,3.329086,,0.19137,0.39797002,0.19806999,0.171,0.171,0.0,9.77,3.17,16391055360.0,1088840960.0,820262848.0,2025-04-22
910139,20.105719,20.459404,5.4766245,2.6337783,,0.12993,0.27745,0.0496,-0.302,-0.504,0.013656129,289.674,2.213,126039465984.0,9006999552.0,1190125056.0,2025-04-22
910140,13.27351,9.009043,-39.77689,0.6364671,,0.048049998,,0.05351,0.072,0.237,0.021743113,,0.779,60825251840.0,4520999936.0,-244000000.0,2025-04-22
910141,7.0833335,5.690883,1.6775142,0.43590236,,0.05909,0.27521,0.04735,0.021,5.486,0.011401064,151.356,0.378,26997612544.0,7994999808.0,1395000064.0,2025-04-22
910142,6.8442984,6.9977574,1.4016256,1.3717793,,0.19056,0.21857001,0.093100004,0.176,-0.445,0.04918589,62.949,1.036,20811264000.0,6600000000.0,-1725250048.0,2025-04-22
910143,47.021126,32.891624,12.406168,6.7332563,,0.14287,0.27628002,0.05883,0.076,-0.408,0.0,123.362,1.467,27155222528.0,989500032.0,552724992.0,2025-04-22
910144,8.81701,9.346994,1.0551802,3.962762,,0.31607,0.1292,0.06336,0.661,0.119,0.04692104,32.861,0.439,41850732544.0,6413000192.0,2189625088.0,2025-04-22
910145,92.20496,122.68594,2.4249005,9.647967,,0.110860005,0.02664,0.0089,0.045,5.696,0.033347003,79.457,1.417,52435062784.0,2261477120.0,2244832000.0,2025-04-22
910146,9.665068,13.49606,2.5516238,3.3149571,,0.34887,0.28202,0.030299999,0.566,2.527,0.016937874,90.673,1.024,43091128320.0,8424999936.0,,2025-04-22
910147,18.868883,15.501608,2.8604486,0.5221887,,0.027709998,0.15890001,0.03917,0.045,-0.524,0.02468361,235.555,1.189,21207289856.0,2996064000.0,1323330688.0,2025-04-22
910148,16.814575,13.401716,4.391629,0.99370474,,-0.17238002,0.18466999,0.04654,-0.421,,0.0,196.877,1.061,17467838464.0,2862500096.0,897524992.0,2025-04-22
910149,24.26818,15.795857,1.7320919,3.2139087,,0.1469,0.06489,0.02706,-0.038,,0.051286977,141.186,0.712,46469906432.0,5017999872.0,2703000064.0,2025-04-22
910150,28.85348,27.266865,-4.2610517,3.5050933,,0.12412,,0.32209,0.031,0.215,0.012898542,,0.561,16496428032.0,624897024.0,405704384.0,2025-04-22
910151,614.1207,100.053375,9.578605,7.360463,,0.011469999,0.016,0.00274,0.248,,0.0,6.863,1.664,78918885376.0,2132000000.0,1864499968.0,2025-04-22
910152,16.065346,17.243359,3.2017205,2.926747,,0.3482,0.23216,0.06764,0.013,3.847,0.01297304,45.486,2.042,22670317568.0,748379008.0,1136424576.0,2025-04-22
910153,18.429935,9.303859,1.1730722,0.47581854,,0.025980001,0.06499,0.024330001,-0.02,,0.099573255,98.997,1.613,20443068416.0,2913999872.0,-127375000.0,2025-04-22
910154,9.372631,7.7605147,1.5683874,1.0847718,,0.12154,0.17649001,0.09842,-0.151,-0.309,0.011593242,26.222,5.461,38309036032.0,2870400000.0,6117937664.0,2025-04-22
910155,20.06204,18.837727,2.405171,2.292978,,0.11271,0.123380005,0.028299998,0.012,-0.303,0.031491883,198.573,0.706,28563625984.0,3643000064.0,-1684999936.0,2025-04-22
910156,21.40965,19.248423,1.9265745,3.2107306,,0.15113,0.09077,0.027309999,0.027,0.199,0.034451194,166.689,0.669,96110010368.0,12327999488.0,-1836999936.0,2025-04-22
910157,34.80791,14.034169,1.1028965,2.0827174,,0.056760002,0.03207,0.03112,0.067,,0.025286973,31.846,1.326,25796538368.0,1847000064.0,2023000064.0,2025-04-22
910158,10.262712,9.047701,1.5679966,0.9687096,,0.09646,0.15955,0.057919998,0.017,0.065,0.042370677,89.2,1.514,9088433152.0,1287000064.0,551374976.0,2025-04-22
910159,27.923683,22.014523,5.637552,4.3199368,,0.1525,0.20201999,0.07605,0.046,0.028,0.0144910775,53.883,1.502,107471388672.0,4327000064.0,2847124992.0,2025-04-22
910160,16.994936,12.860153,6.1300335,3.0713656,,0.19206,0.34291,0.06874,0.007,-0.062,0.01645589,152.443,1.241,31582851072.0,2414000128.0,2709874944.0,2025-04-22
910161,32.023098,31.425333,10.047318,4.3791623,,0.13419,0.25287,0.07545,0.178,,0.010193944,103.915,1.257,68934148096.0,2813900032.0,1933025024.0,2025-04-22
910162,17.438066,10.126316,1.595533,1.2985245,,0.07296,0.07197,0.02892,0.075,-0.101,0.056764018,212.858,0.848,22852732928.0,5014000128.0,-1554875008.0,2025-04-22
910163,30.0,28.653059,4.1325717,7.814056,,0.76746005,0.16636999,0.082559995,0.094,0.042,0.0,6.956,4.176,42504556544.0,542300032.0,1350862464.0,2025-04-22
910164,37.119595,17.101994,5.1476765,5.3089247,,0.14278,0.14038,0.07121,-0.032,0.01,0.0053547528,30.747,1.376,39004667904.0,2110000000.0,1651124992.0,2025-04-22
910165,16.182384,11.880972,2.2862995,0.5549951,,0.03382,0.14774,0.05091,0.066,-0.512,0.016031867,77.35,1.452,98128683008.0,5808000000.0,6845499904.0,2025-04-22
910166,27.916903,15.681171,2.7274606,3.2883773,,0.13738,0.07704,0.04448,0.014,3.12,0.021810828,31.298,1.543,57711022080.0,3694000128.0,3876000000.0,2025-04-22
910167,71.35333,14.621584,8.509302,5.3705354,,0.07716,0.11302,0.01705,0.265,1.971,0.0,159.81,3.525,7145537024.0,513692992.0,388504128.0,2025-04-22
910168,33.910206,10.7338505,2.3660753,3.115871,,0.08886,0.069520004,0.028369999,0.006,-0.71,0.028692087,190.276,0.719,37015465984.0,4488509952.0,-2014535552.0,2025-04-22
910169,9.947556,10.118444,2.1245375,2.6624792,,0.27271998,0.22294001,0.1112,-0.064,-0.371,0.033956558,19.734,2.097,62509682688.0,12142999552.0,4579624960.0,2025-04-22
910170,18.805876,13.159071,2.3073788,1.7823673,,0.096140005,0.12798999,0.08299,0.079,0.059,0.0,4.496,2.955,8426926080.0,559168000.0,669113856.0,2025-04-22
910171,108.6,19.392857,1.4161524,6.1915884,,0.04573,0.0124,0.00661,0.313,-0.167,0.013213087,38.82,0.697,31217715200.0,2826972928.0,818168128.0,2025-04-22
910172,50.40806,25.927206,6.306708,5.507872,,0.10634,0.12642999,0.05599,0.07,0.314,0.0072460403,105.039,0.751,31290771456.0,1324499968.0,760912512.0,2025-04-22
910173,92.99265,59.145554,5.6911216,9.054269,,0.09328,0.062459998,0.02971,0.069,,0.022038283,139.913,1.469,79107153920.0,3248999936.0,2808000000.0,2025-04-22
910174,25.306984,40.730766,2.3687198,9.397992,,0.34758,0.09247,0.026659999,0.054,0.345,0.04,72.742,0.12,28007032832.0,1573607040.0,1384989312.0,2025-04-22
910175,34.91739,29.966417,10.565715,5.753566,,0.15818,0.32893002,0.16552,0.13,0.371,0.013133587,0.378,1.427,21835444224.0,611249024.0,369283008.0,2025-04-22
910176,23.911179,45.83638,3.203369,10.614163,,0.40683997,0.14262,0.02846,0.176,2.937,0.036177047,115.698,0.257,19345969152.0,1068305024.0,817559104.0,2025-04-22
910177,,20.555555,4.788611,1.3174485,,-0.046129998,-0.1299,0.043470003,-0.064,,0.042838756,225.066,1.371,19993597952.0,1810000000.0,1895250048.0,2025-04-22
910178,11.089679,5.302091,1.0922168,0.89373064,,0.07997,0.10141,0.01809,0.196,,0.02260332,26.76,1.366,15343567872.0,4957000192.0,-24042874880.0,2025-04-22
910179,17.989447,16.876238,1.5751052,2.7388601,,0.14939,0.090050004,0.02868,0.059,0.348,0.03876027,142.309,0.502,16014937088.0,1983699968.0,-679012480.0,2025-04-22
910180,25.568283,12.142259,1.4148161,1.8239074,,0.0682,0.05549,0.03061,0.103,,0.050727207,192.423,0.755,21705973760.0,2159737088.0,-2373063936.0,2025-04-22
910181,19.283672,17.963877,1.7637286,2.1173465,,0.10682999,0.0934,0.02545,0.019,0.049,0.032879084,174.232,0.872,48758255616.0,5568999936.0,-2026625024.0,2025-04-22
910182,,24.514153,1.3714933,5.9139395,,-0.16764,-0.05047,-0.014249999,0.759,,0.023865417,33.163,0.639,25187469312.0,1564999936.0,1100875008.0,2025-04-22
910183,16.981005,10.583566,12.571759,1.4740982,,0.090129994,0.43832,0.04724,0.103,1.265,0.0,235.584,0.721,20181878784.0,3084999936.0,1859250048.0,2025-04-22
910184,18.517483,19.68773,6.5756145,1.4015533,,0.07642,0.35157,0.14029,0.297,0.486,0.013932628,25.561,1.771,14857186304.0,723361024.0,501746880.0,2025-04-22
910185,35.11139,29.675732,2.1560373,9.6194315,,0.25605,0.05947,0.032899998,0.033,0.214,0.046888568,88.633,1.335,32108740608.0,1887430016.0,729878144.0,2025-04-22
910186,13.797832,13.745235,1.7856554,1.3943212,,0.09889,0.14515,0.062459998,-0.02,-0.003,0.036449928,17.852,1.308,474861207552.0,55021998080.0,24651999232.0,2025-04-22
910187,25.542742,16.685715,4.616435,5.285672,,0.20583001,0.19513,0.07897,0.107,0.203,0.0,8.478,1.475,15275655168.0,829883008.0,753942144.0,2025-04-22
910188,29.911932,22.546038,7.7788043,7.330358,,0.24067,0.28119,0.10808,0.045,0.028,0.010071907,80.856,1.469,16524255232.0,661723008.0,514323008.0,2025-04-22
910189,86.19504,50.529728,-40.335667,27.148516,,0.30656,,0.28855,0.152,0.26,0.0,,1.798,48200552448.0,704841024.0,593579264.0,2025-04-22
910190,40.8275,37.285385,12.693145,6.2535715,,0.15132,0.32351002,0.20121,0.034,0.003,0.019927762,13.435,4.277,47591555072.0,1099900032.0,683987520.0,2025-04-22
910191,27.415205,30.540718,2.6668942,6.8224964,,0.24486,0.091529995,0.031059999,0.07,0.022,0.047459096,133.197,0.685,8225283584.0,574563008.0,387784992.0,2025-04-22
910192,13.097485,9.153846,1.871355,0.5749303,,0.04462,0.14762,0.04879,0.139,-0.107,0.026911076,,1.239,50487504896.0,7215000064.0,4111624960.0,2025-04-22
910193,54.83099,13.635727,2.6336975,4.072462,,0.14318,0.04546,0.026889998,0.034,0.129,0.018855572,73.51,0.851,41241821184.0,2071000064.0,3329999872.0,2025-04-22
910194,10.9317465,9.434247,1.2564768,2.9783554,,0.29202,0.11715,0.01081,-0.022,-0.01,0.043817528,,,23549855744.0,,,2025-04-22
910195,11.481696,6.616011,1.8521103,3.6767209,,0.30717,0.17621,0.077470005,0.307,0.126,0.0,9.01,2.45,15468711936.0,1217998976.0,-363262368.0,2025-04-22
910196,25.05,14.735293,1.9715277,1.8595726,,0.07361,0.09149,0.02894,0.01,0.491,0.040311005,176.866,0.556,24706281472.0,2891000064.0,-1695624960.0,2025-04-22
910197,39.489758,20.810598,4.418561,5.8240304,,0.15306,0.10899,0.043730002,0.068,0.078,0.0,92.502,1.06,119136362496.0,6631000064.0,4454624768.0,2025-04-22
910198,6.619863,5.522857,0.85440236,0.2111574,,0.03178,0.13448,0.01164,0.049,,0.06335797,358.603,1.165,39082647552.0,15422999552.0,859000000.0,2025-04-22
910199,41.48673,38.904564,48.13142,12.55692,,0.29303,3.38742,0.13209,0.173,0.693,0.0,71.857,1.471,74750631936.0,2258099968.0,1834850048.0,2025-04-22
910200,27.76695,15.714627,2.1945012,3.6588094,,0.13365,0.08118,0.04211,0.023,-0.213,0.005,38.025,1.158,22800967680.0,1526800000.0,1227012480.0,2025-04-22
910201,10.332619,12.908848,1.9032373,1.4074892,,0.14393,0.20055,0.08124,0.199,2.422,0.011226434,68.766,2.498,21367093248.0,2171000064.0,1484375040.0,2025-04-22
910202,9.5847645,19.006384,1.7654848,1.4024622,,0.14393,0.20055,0.08124,0.199,2.422,0.012059158,68.766,2.498,21290778624.0,2171000064.0,1484375040.0,2025-04-22
910203,28.101564,6.9173083,0.75618064,1.097543,,0.04315,0.04018,0.02474,0.131,-0.349,0.07204611,24.264,5.36,9590879232.0,1078000000.0,-1130187520.0,2025-04-22
910204,26.357693,15.863425,2.8005722,1.9344413,,0.07421,0.15686,0.080819994,-0.031,-0.294,0.018209409,33.838,2.419,49241202688.0,7160000000.0,2360750080.0,2025-04-22
910205,26.106703,25.581768,4.6799746,5.949165,,0.22415,0.18996,0.10927,0.229,-0.196,0.016057378,2.074,3.539,37461315584.0,1432471040.0,977273280.0,2025-04-22
910206,24.904747,30.229342,22.69997,5.0170784,,0.20004,1.2292501,0.08908,0.081,0.91,0.0,213.366,1.057,31444092928.0,1484921984.0,951341760.0,2025-04-22
910207,30.43421,35.312977,10.27201,5.1978254,,0.1694,0.27644,0.03271,0.143,0.196,0.0062797866,104.155,1.094,201166225408.0,4710000128.0,4416875008.0,2025-04-22
910208,14.089862,13.094218,3.3084457,1.4676715,,0.10130999,0.25686002,0.05771,0.022,0.789,0.002066799,108.368,1.036,28872034304.0,1951000064.0,1864875008.0,2025-04-22
910209,58.393177,47.13768,9.399745,2.6299956,,0.04443,0.16434,0.01602,0.051,1.457,0.000798518,10.016,1.078,91878899712.0,2583000064.0,3543624960.0,2025-04-22
910210,23.634314,9.839592,6.9034934,3.9524295,,0.16431999,0.28059,0.07944,0.04,0.12,0.02122241,396.606,0.351,15418427392.0,2146000000.0,2195375104.0,2025-04-22
910211,20.521336,13.472594,2.643516,1.6089793,,0.07363,0.13079001,0.06576,0.161,0.214,0.0,55.765,1.967,6911908352.0,741300992.0,571386112.0,2025-04-22
910212,19.986795,16.941544,3.333007,1.548511,,0.07926,0.17444,0.05386,0.143,0.142,0.02079215,48.389,1.368,73888751616.0,4105999872.0,2304000000.0,2025-04-22
910213,12.82857,12.419149,3.4499674,1.6271118,,0.13024999,0.26834,0.07201,-0.05,-0.066,0.041442696,149.142,0.667,31963471872.0,3170299904.0,1192574976.0,2025-04-22
910214,7.1397176,4.302744,0.72108066,0.24240139,,0.03205,0.08906999,0.02876,0.11,,0.0108132465,199.645,1.128,45436203008.0,20128999424.0,2219624960.0,2025-04-22
910215,17.703247,13.523022,3.664811,0.6906177,,0.03849,0.2062,0.051810004,0.033,-0.58,0.035771776,139.849,1.156,16220238848.0,1251250944.0,384148864.0,2025-04-22
910216,278.3158,14.234186,6.8170686,4.594458,,0.01669,0.02286,0.110290006,0.064,0.248,0.02952171,141.962,1.597,132109041664.0,10828000256.0,10130750464.0,2025-04-22
910217,11.176949,5.3789062,0.76854384,1.7235501,,0.15539,0.07026,0.03258,0.034,0.57,0.014821402,74.632,0.965,17427861504.0,3532683008.0,3336414464.0,2025-04-22
910218,10.023451,8.832472,1.8943303,1.7842298,,0.18531,0.21869,0.032279998,0.036,-0.071,0.008193224,58.649,0.626,10309402624.0,1402439936.0,1441969536.0,2025-04-22
910219,26.279503,25.222057,34.53173,5.4391646,,0.20487,2.48416,0.07382,0.084,-0.822,0.0,562.737,0.723,24874387456.0,1287699968.0,887750016.0,2025-04-22
910220,11.98398,12.419394,1.5212246,3.0732162,,0.28056,0.12255,0.008590001,0.063,0.147,0.023436254,535.484,2.753,163015671808.0,,,2025-04-22
910221,7.2915196,6.349231,1.7048084,0.7968074,,0.109,0.25184,0.09762,-0.022,-0.07,0.031021899,83.163,2.047,18281949184.0,3864999936.0,1595500032.0,2025-04-22
910222,11.358454,10.125753,2.098012,1.3028134,,0.117130004,0.19582,0.0323,0.074,0.106,0.016897215,27.427,1.905,34602725376.0,5909000192.0,5048875008.0,2025-04-22
910223,19.143637,11.883748,6.3450646,1.8222262,,0.09324,0.34717998,0.07274,-0.145,,0.054326735,297.468,1.6,7535816192.0,847400000.0,503700000.0,2025-04-22
910224,14.603363,13.092465,-32.15165,1.1822428,,0.08158,8.24396,0.11392,0.057,-0.105,0.008312082,8150.811,1.082,83469885440.0,10513999872.0,3915749888.0,2025-04-22
910225,52.097218,75.02,1.5614853,4.9307375,,0.09004,0.03345,0.01613,0.261,-0.936,0.06504065,99.621,0.865,13315205120.0,1070497024.0,798478144.0,2025-04-22
910226,21.019344,12.328654,2.345823,0.6359655,,0.030769998,0.079679996,0.044850003,0.058,4.222,0.0,59.396,1.421,8059591168.0,848000000.0,800374976.0,2025-04-22
910227,15.458095,20.095524,7.245982,3.0545404,,0.19827999,0.50404,0.15055999,0.087,1.282,0.032918844,115.545,0.957,34217764864.0,2531596032.0,1164925824.0,2025-04-22
910228,14.418153,17.036184,3.5447354,3.271008,,0.21869,0.29178,0.11536,0.065,0.312,0.014843255,78.814,1.123,41417502720.0,5600000000.0,61750000.0,2025-04-22
910229,7.223558,7.1547623,0.78234833,0.64570063,,0.09028,0.12060001,0.02473,0.163,0.62,0.03508772,70.88,1.326,20162648064.0,3887000064.0,1457624960.0,2025-04-22
910230,34.004887,26.131414,-13.546356,10.843223,,0.32342997,,0.092209995,0.045,2.435,0.0029326947,,0.696,51461931008.0,2012999936.0,1631250048.0,2025-04-22
910231,18.344936,12.28178,2.7393441,3.2556345,,0.1842,0.15784,0.07102,0.009,-0.185,0.0,53.221,3.485,13149508608.0,1254499968.0,902825024.0,2025-04-22
910232,23.718573,22.684685,52.976215,2.2568977,,0.092819996,3.8537202,0.15585,0.141,0.07,0.026088212,950.075,1.105,360006778880.0,19810000896.0,11604124672.0,2025-04-22
910233,22.726437,17.95822,6.9004993,3.3439834,,0.14819,0.32244998,0.074990004,0.069,0.017,0.0224991,168.18,1.313,128736673792.0,6096999936.0,4256000000.0,2025-04-22
910234,22.275362,18.189348,2.105047,1.4274193,,0.06352,0.09523,0.04913,-0.003,-0.221,0.037434213,35.547,2.452,17004416000.0,1171964032.0,615775744.0,2025-04-22
910235,13.883838,14.170102,1.4538819,1.7158475,,0.12247,0.10395,0.03845,0.076,-0.182,0.059215397,83.267,1.687,9764887552.0,1498000000.0,1182875008.0,2025-04-22
910236,43.935944,38.94637,11.125529,6.932254,,0.15545,0.26889,0.0959,0.092,0.331,0.0021762785,76.219,2.17,51506647040.0,1298000000.0,777625024.0,2025-04-22
910237,8.642086,6.673611,-21.1674,0.42178103,,0.05045,,0.06874,0.024,-0.092,0.046989474,,0.723,22724718592.0,4001999872.0,2895000064.0,2025-04-22
910238,23.483622,19.017494,5.5431457,3.3025436,,0.13819,0.25389,0.101560004,-0.009,0.152,0.015126663,52.384,1.64,18588366848.0,991200000.0,719825024.0,2025-04-22
910239,25.525051,15.127079,1.8767728,0.28079787,,0.010249999,0.07411,0.04066,0.104,,0.01439551,76.899,1.76,33067036672.0,2966000128.0,-1310625024.0,2025-04-22
910240,10.6306925,10.313357,1.091533,2.875706,,0.28825,0.103719994,0.01026,0.097,0.258,0.04602821,,,20431890432.0,,,2025-04-22
910241,15.574649,13.866205,1.8233225,0.74504626,,0.04768,0.12559,0.03559,-0.054,-0.551,0.024098044,74.132,1.079,8594108416.0,393000000.0,78250000.0,2025-04-22
910242,37.556767,22.760605,8.191656,3.6074803,,0.095979996,0.24057,0.03063,0.01,-0.114,0.02823639,213.179,1.04,226380218368.0,13445000192.0,7379874816.0,2025-04-22
910243,24.844881,19.362675,3.299664,3.8906386,,0.15449001,0.13758,0.06996,0.094,0.134,0.017179135,55.03,2.529,12717719552.0,668099968.0,513912512.0,2025-04-22
910244,39.42817,35.10953,21.479872,8.83492,,0.22780001,0.57657003,0.22694999,0.058,0.111,0.0,61.865,1.311,34434134016.0,929001024.0,734987008.0,2025-04-22
910245,19.982906,21.850468,20.728788,4.3755364,,0.2194,1.1020501,0.17541,-0.013,0.046,0.025482185,243.533,1.359,69562277888.0,3280999936.0,2697625088.0,2025-04-22
910246,381.53333,9.320847,3.2110195,2.676192,,0.00769,0.0075499997,0.00863,0.163,0.001,0.0,1.75,1.973,11350310912.0,335336992.0,619452608.0,2025-04-22
910247,34.796116,20.248589,2.8370142,4.1263905,,0.11590999,0.08424,0.05415,0.042,0.0,0.0011474469,48.61,2.289,29854433280.0,1396700032.0,991987520.0,2025-04-22
910248,42.54766,63.436695,14.223639,8.609412,,0.20191999,0.43028,0.06803,0.172,-0.025,0.0,118.372,3.579,17835257856.0,430300000.0,155275008.0,2025-04-22
910249,,20.319586,0.8597225,1.6258806,,-0.35321,-0.17891,-0.01233,-0.074,,0.019904459,48.277,1.327,86357786624.0,8288000000.0,-13195374592.0,2025-04-22
910250,33.38994,23.630566,3.3066895,10.090635,,0.29680002,0.10474,0.020079998,0.055,0.871,0.011610656,74.82,0.995,93631004672.0,4608999936.0,2923875072.0,2025-04-22
910251,78.4421,16.164858,1.3732102,1.6594715,,0.02116,0.0173,0.015149999,0.025,,0.022005226,69.161,1.845,19057371136.0,1070000000.0,-999750016.0,2025-04-22
910252,29.681526,15.533333,1.9808714,1.3569486,,0.02992,0.0674,0.02627,-0.005,,0.04105637,73.523,1.509,25265027072.0,1678000000.0,1051249984.0,2025-04-22
910253,13.016393,8.6618185,2.3359811,0.9842277,,0.075050004,0.17990999,0.047670003,-0.058,-0.256,0.056170214,108.811,1.087,9042691072.0,1055200000.0,773337472.0,2025-04-22
910254,54.10571,26.018444,9.014385,9.692877,,0.17691,0.17424999,0.08257,0.41,-0.146,0.0068208985,,1.272,166397607936.0,5799000064.0,4621749760.0,2025-04-22
910255,74.36916,60.744274,10.360429,21.111475,,0.27809,0.15621,0.08667,0.252,0.131,0.0,0.883,4.074,176325148672.0,2415000064.0,1197112448.0,2025-04-22
910256,11.605932,7.2460318,0.581578,1.0384837,,0.12771,0.04764,0.02306,0.127,,0.06581059,8.587,0.93,6300480512.0,1190000000.0,571075008.0,2025-04-22
910257,46.094593,46.094593,2.1416464,8.123206,,0.17522,0.04558,0.02352,0.058,0.105,0.033832334,84.073,2.882,21043140608.0,1081805056.0,971914880.0,2025-04-22
910258,19.039438,11.7990885,4.1337223,1.6610367,,0.08913,0.22547,0.05317,0.023,-0.068,0.0,238.734,0.838,25588271104.0,2716000000.0,1838625024.0,2025-04-22
910259,136.51344,42.486324,-48.584133,4.121286,,0.029289998,2.25057,0.041890003,0.114,2.649,0.033451784,,0.548,25345531904.0,1196707968.0,-408300864.0,2025-04-22
910260,23.381819,17.910864,3.2990434,1.0837086,,0.04651,0.13971,0.061100002,-0.008,-0.077,0.013609188,40.848,0.891,13074505728.0,,,2025-04-22
910261,29.954954,13.286713,10.728402,0.5412927,,0.01763,0.24104,0.0461,-0.006,-0.874,0.0024662812,242.489,1.024,14859026432.0,1696000000.0,1571374976.0,2025-04-22
910262,30.903603,27.138449,6.3289666,5.601327,,0.17825001,0.21903,0.112959996,0.052,0.064,0.013039355,10.412,1.166,12733513728.0,535912000.0,279691872.0,2025-04-22
910263,32.19945,17.721804,3.4444964,1.2589848,,0.05303,0.0817,0.04547,0.044,,0.010027662,60.421,1.255,14634023936.0,743768000.0,1129053696.0,2025-04-22
910264,17.573416,14.904244,5.319002,4.276695,,0.24415001,,,0.024,2.379,0.031608462,52.922,,382053548032.0,,,2025-04-22
910265,35.718307,18.157518,3.1609125,2.236993,,0.07553,0.08182,0.03691,0.042,0.12,0.019879114,65.324,1.019,51828891648.0,2591000064.0,1937874944.0,2025-04-22
910266,11.484789,13.982079,1.9629648,3.9051244,,0.35379001,0.17352,0.01413,0.048,0.091,0.022053365,,,658911657984.0,,,2025-04-22
910267,40.162792,17.444445,2.4012792,2.295076,,0.056739997,0.062069997,0.02329,0.029,0.303,0.025851939,39.137,1.456,11644297216.0,788099968.0,729562496.0,2025-04-22
910268,21.262886,68.75,7.541823,2.2339258,,0.105340004,0.37402,0.08288,-0.016,12.519,0.027423855,164.657,0.806,28480319488.0,1760000000.0,600625024.0,2025-04-22
910269,42.490738,18.807377,4.5417657,2.9918172,,0.06665,0.09866,0.06882,-0.001,-0.104,0.0363718,90.184,0.963,46238535680.0,1768999936.0,1620000000.0,2025-04-22
910270,33.928574,17.37805,1.9935645,3.1566336,,0.09387,0.057729997,0.040209997,0.053,,0.025205323,75.609,0.494,48457482240.0,2219000064.0,1293124992.0,2025-04-22
910271,,9.041667,0.9504076,3.635861,,0.0056,0.0014300001,0.00013,0.158,0.849,0.059463378,,,16230482944.0,,,2025-04-22
910272,38.610313,19.332855,4.489272,4.7665195,,0.121759996,0.122150004,0.05746,0.031,-0.017,0.0,38.944,2.953,23918395392.0,1102000000.0,700499968.0,2025-04-22
910273,18.080793,17.891218,53.9139,2.301294,,0.12687999,2.5237398,0.11748,-0.008,-0.122,0.034839723,811.897,0.797,46159355904.0,3233999872.0,2126875008.0,2025-04-22
910274,37.244545,29.263573,1.3066595,7.003197,,0.20166,0.04078,0.021300001,0.163,0.189,0.048282728,79.317,3.174,14265611264.0,1005620992.0,865840256.0,2025-04-22
910275,22.780172,20.972221,1.9186089,3.9809527,,0.16672,0.0845,0.03728,0.104,-0.039,0.0447848,103.99,0.446,61700784128.0,5608000000.0,257875008.0,2025-04-22
910276,31.21494,16.86738,3.845013,3.7738163,,0.11643,0.081520006,0.01449,-0.238,0.082,0.0071465033,82.822,0.788,99711016960.0,6649878016.0,,2025-04-22
910277,26.754414,19.38513,23.596039,7.9654803,,0.29578,0.96809,0.17688999,0.237,0.415,0.00974549,169.411,2.362,86401220608.0,3647345920.0,2469033472.0,2025-04-22
910278,13.449116,9.900652,0.7384776,1.4034432,,0.10617,0.05545,0.03862,-0.041,1.815,0.053440213,41.46,1.055,36273393664.0,4184000000.0,2179375104.0,2025-04-22
910279,20.02316,16.04476,5.9559894,0.33010337,,0.01811,0.26879,0.056339998,-0.006,-0.884,0.017286683,229.201,0.958,48565796864.0,5793999872.0,2096375040.0,2025-04-22
910280,27.298859,14.948923,2.0922327,1.9298413,,0.07043,0.07873,0.0394,0.034,1.867,0.021670092,66.296,1.077,41153867776.0,2559000064.0,2776875008.0,2025-04-22
910281,24.89435,13.752497,2.2818983,1.4497039,,0.057350002,0.09364,0.04052,0.098,,0.013570823,91.113,1.443,18859053056.0,1585799936.0,885662528.0,2025-04-22
910282,19.337385,14.899298,9.280817,5.1489563,,0.26489002,0.50422,0.15589,0.164,0.248,0.0137842605,56.565,2.544,83459891200.0,4557679104.0,3125586944.0,2025-04-22
910283,20.631372,10.564257,4.544748,1.2085623,,0.05746,0.2164,0.07366,0.043,-0.001,0.028149875,261.312,1.354,7719570432.0,802000000.0,15387500.0,2025-04-22
910284,17.168367,12.236364,8.358172,2.118196,,0.12798999,0.48238,0.07221,-0.007,-0.152,0.026105652,441.139,0.74,23931377664.0,3204000000.0,1155124992.0,2025-04-22
910285,15.2445755,13.450239,4.1785827,1.0907986,,0.07526,0.28699,0.08794,0.097,0.24,0.011140046,121.39,1.212,18174885888.0,1392000000.0,1059750016.0,2025-04-22
910286,7.7773724,6.601611,1.2366816,0.78909427,,0.10438,0.15213999,0.08224,0.044,-0.278,0.019284545,16.9,8.668,28218062848.0,1746470016.0,9169278976.0,2025-04-22
910287,24.718971,23.872429,23.347706,3.8091955,,0.15107,1.42122,0.20614,0.165,0.368,0.00841004,175.088,1.435,20346056704.0,945699968.0,611587520.0,2025-04-22
910288,69.7547,36.016327,51.614597,16.707087,,0.23511,0.84264,0.15329,0.447,1.014,0.0063568125,244.616,1.154,752532258816.0,8817899520.0,1320087552.0,2025-04-22
910289,33.148937,26.656046,5.613229,6.594519,,0.19891001,0.16721001,0.06903,-0.002,0.118,0.012526754,57.255,0.89,217652101120.0,9422999552.0,3075249920.0,2025-04-22
910290,46.37409,52.5062,170.1004,1.3066297,,0.03871,0.67384005,0.0403,-0.024,,0.0,425.218,0.993,30255826944.0,1725175040.0,1046179776.0,2025-04-22
910291,15.971482,11.603592,1.8087672,0.77162206,,0.048070002,0.11349,0.05606,-0.041,-0.119,0.029119147,93.004,1.714,11076634624.0,1120999936.0,789124992.0,2025-04-22
910292,20.307455,16.124596,16.819265,1.5153791,,0.07511,0.81044996,0.08306,-0.013,-0.718,0.027818386,338.197,1.125,107657068544.0,6972000256.0,5397624832.0,2025-04-22
910293,13.284712,29.363792,1.0712938,1.0472412,,0.080749996,0.0867,0.01751,0.068,-0.581,0.0029997602,52.127,0.506,18337193984.0,3024999936.0,1604000000.0,2025-04-22
910294,17.872086,17.306065,-8.600937,1.5048892,,0.08314,,0.1567,-0.003,0.102,0.021384595,,1.085,125920100352.0,9624999936.0,6614875136.0,2025-04-22
910295,18.046518,17.70807,7.4154067,2.978701,,0.17138,0.42417,0.21314,0.127,0.118,0.0,36.443,2.164,31538862080.0,2272712960.0,1416488576.0,2025-04-22
910296,13.909421,6.6881533,1.4966471,0.4651337,,0.03375,0.105749995,0.047220003,-0.044,,0.09360568,103.821,1.829,18745817088.0,3819000064.0,1792499968.0,2025-04-22
910297,10.769076,9.882678,0.983309,3.0427163,,0.30063,0.09405,0.012410001,0.056,0.1,0.034445364,,,26730264576.0,,,2025-04-22
910298,13.016882,12.850981,2.3342535,0.29538533,,0.024719998,0.18127,0.04366,-0.091,-0.744,0.027383206,117.351,1.174,41157812224.0,8664999936.0,4011249920.0,2025-04-22
910299,30.450617,26.972662,6.0179734,10.378129,,0.33556,0.20448999,0.111999996,0.026,-0.064,0.013323131,5.238,10.274,8479938048.0,385236992.0,632174144.0,2025-04-22
910300,26.32593,20.688206,-20.278805,9.324478,,0.35887,,0.09340999,0.029,-0.463,0.011173444,,0.403,61709393920.0,2748999936.0,1950499968.0,2025-04-22
910301,26.704544,23.051432,7.614369,4.4370937,,0.16134001,0.30532,0.07929,0.091,-0.014,0.015370108,157.128,1.136,111131451392.0,4461000192.0,4121999872.0,2025-04-22
910302,15.066975,23.424665,3.1566935,4.611765,,0.30523002,0.22822,0.055710003,0.014,0.039,0.0063083675,63.716,2.502,30142496768.0,1459000064.0,1491874944.0,2025-04-22
910303,16.25532,13.828053,-46.549885,1.694659,,0.10501,27.3125,0.16524,-0.029,-0.047,0.019317236,,1.75,13265789952.0,1075000064.0,808625024.0,2025-04-22
910304,37.582016,31.891943,73.627914,17.174625,,0.45706,1.90557,0.22715999,0.144,0.197,0.005379722,291.42,1.026,483757686784.0,14780000256.0,14463750144.0,2025-04-22
910305,14.579208,11.875,-116.40317,2.1196733,,0.15844,,0.11895,-0.007,-0.311,0.0065337,,2.544,7375134208.0,932718976.0,772032640.0,2025-04-22
910306,26.089655,24.250002,3.7416549,3.0417202,,0.11667,0.14659001,0.05165,0.002,-0.022,0.022900764,79.045,0.649,20460130304.0,899000000.0,535049984.0,2025-04-22
910307,27.827917,25.135607,-59.70239,8.81726,,0.31725,,0.13307,-0.003,-0.011,0.021961648,,1.191,228543365120.0,9447000064.0,5127249920.0,2025-04-22
910308,31.798346,18.80603,-28.282808,0.25715762,,0.0082,,0.05243,0.178,0.492,0.0038974932,,0.884,88612151296.0,2484000000.0,2061374976.0,2025-04-22
910309,25.307928,14.189744,2.1569443,3.2382128,,0.12832,0.08442,0.04656,0.025,-0.021,0.034107577,53.627,1.901,107505426432.0,7293000192.0,5070249984.0,2025-04-22
910310,11.635757,8.343086,4.28014,3.0814152,,0.26674998,0.40789002,0.13903,0.068,,0.03956326,82.528,1.365,197728256000.0,21468000256.0,17829249024.0,2025-04-22
910311,20.7348,19.546444,6.8612556,7.8524075,,0.37909,0.37140998,0.16863,0.206,0.487,0.004126604,27.25,2.978,1291728846848.0,91328004096.0,36095000576.0,2025-04-22
910312,12.132155,7.437049,1.8097236,0.71274424,,0.06235,0.15336001,0.00508,-0.019,1.094,0.030610794,233.412,1.543,50592010240.0,14597999616.0,2876499968.0,2025-04-22
910313,24.678448,23.438732,-164.84892,5.566656,,0.2229,,0.21506001,0.118,0.365,0.0,,1.022,21556101120.0,968345984.0,723138880.0,2025-04-22
910314,12.470833,13.013044,2.9140298,0.4957234,,0.0433,0.26327,0.02456,-0.006,-0.498,0.0,856.293,1.302,8546541568.0,2362494976.0,722205888.0,2025-04-22
910315,71.12281,15.592309,3.6144795,4.5834856,,0.06492,0.0471,0.025209999,-0.419,,0.045929495,112.476,2.252,21803182080.0,1122200064.0,1363162496.0,2025-04-22
910316,16.585335,5.3866897,1.5937172,2.549858,,0.14916,0.101009995,0.055219997,0.383,0.996,0.0068924185,30.891,3.134,79869206528.0,13073000448.0,-607249984.0,2025-04-22
910317,29.325823,24.382608,8.953625,10.600308,,0.35428002,0.34291,0.14649001,0.123,0.102,0.0087992875,33.998,1.351,2775181950976.0,125582999552.0,51958124544.0,2025-04-22
910318,35.4588,38.363857,3.1317124,8.84536,,0.24078,0.08731,0.03524,0.014,0.038,0.037979588,81.742,0.059,19380316160.0,1098291968.0,964171392.0,2025-04-22
910319,,-2.9149427,0.8979852,3.029901,,-1.10043,-0.2877,-0.15141,-0.656,,0.0,6.853,3.671,9804760064.0,-3004000000.0,-3087624960.0,2025-04-22
910320,12.691646,9.2654705,0.85642755,0.61218673,,0.04777,0.06819,0.03829,0.01,-0.332,0.0,34.78,2.057,6634206208.0,1133900032.0,907500032.0,2025-04-22
910321,15.16479,12.044536,3.8570237,0.46128258,,0.0301,0.27069,0.06995,0.191,0.162,0.0,71.708,1.618,18065670144.0,644000000.0,509750016.0,2025-04-22
910322,11.0457945,9.96543,0.91718274,1.0451334,,0.09653,0.08611,0.043169998,-0.02,1.786,0.030381495,47.234,0.935,12151764992.0,1910300032.0,928124992.0,2025-04-22
910323,20.130117,20.071428,3.3686452,2.4475574,,0.12652999,0.16712,0.05756,0.031,0.837,0.026416764,68.788,0.677,89191448576.0,4910000128.0,2744000000.0,2025-04-22
910324,14.187893,30.217403,7.8921084,11.59959,,0.80952,0.68776,0.11141,0.369,13.957,0.00983884,0.502,5.313,25601454080.0,788409984.0,500982752.0,2025-04-22
910325,39.83893,31.743317,9.694594,7.762883,,0.2014,0.21274,0.14774999,0.047,-0.262,0.0,7.295,3.318,58165022720.0,1928532992.0,1314839424.0,2025-04-22
910326,37.848755,31.93844,21.516287,11.098913,,0.29035,0.57171,0.12368,0.13,0.162,0.00822647,212.369,1.471,78669094912.0,2838000128.0,2237499904.0,2025-04-22
910327,12.90714,13.88372,1.8666989,2.8412106,,0.22347,,,0.163,0.265,0.03480715,397.03,,181720989696.0,,,2025-04-22
910328,50.0,11.178862,0.75903946,0.7863367,,0.01572,0.0168,0.016900001,-0.106,-0.537,0.03125,38.312,1.078,8746265600.0,1299200000.0,324987488.0,2025-04-22
910329,45.416668,28.567053,41.17445,6.6125226,,0.14579001,1.28723,0.12674,0.057,0.025,0.009773252,381.094,1.282,71527661568.0,2391000064.0,1858625024.0,2025-04-22
910330,37.472916,30.853579,-43.48234,14.643681,,0.38833,,0.17492001,0.077,-0.243,0.011996701,,0.848,41824227328.0,1501627008.0,1112441600.0,2025-04-22
910331,37.34197,22.952229,3.703304,5.721949,,0.15095,0.101239994,0.03996,0.233,0.802,0.013303141,88.598,0.985,42342424576.0,1939000064.0,1758749952.0,2025-04-22
910332,15.306481,10.904353,16.864925,2.6509292,,0.17471,1.14329,0.09519,0.022,-0.045,0.025220372,226.131,0.932,17252247552.0,1444000000.0,1133874944.0,2025-04-22
910333,50.09319,44.531956,18.760763,11.218063,,0.23074,0.40842,0.13789,0.125,0.239,0.0,72.513,1.204,450666921984.0,7938040832.0,21784893440.0,2025-04-22
910334,19.486015,14.550914,2.0985842,3.3642216,,0.17920999,0.11171,0.06605,0.428,,0.018112661,30.087,1.627,62822199296.0,6362999808.0,1501374976.0,2025-04-22
910335,34.5,24.41038,1.8031359,1.5358818,,0.04038,0.0619,0.03433,0.048,0.378,0.007889546,32.388,1.73,15747395584.0,1162000000.0,-646000000.0,2025-04-22
910336,39.98,29.835821,2.089547,1.5320543,,0.04038,0.0619,0.03433,0.048,0.378,0.0067911716,32.388,1.73,15708152832.0,1162000000.0,-646000000.0,2025-04-22
910337,19.75371,18.089674,2.7332072,5.67581,,0.28061,0.09506,0.02503,-0.217,-0.006,0.0318491,137.296,0.471,140493324288.0,13260000256.0,-14168625152.0,2025-04-22
910338,19.129568,17.826626,6.0719185,1.7659088,,0.09427,0.31934,0.08262,-0.093,-0.323,0.027441198,85.065,2.193,84442226688.0,5854000128.0,5077624832.0,2025-04-22
910339,24.043211,20.94086,2.107228,3.4642158,,0.13939,0.081199996,0.02885,0.117,-0.057,0.02820782,131.114,0.506,18897643520.0,1781500032.0,-648324992.0,2025-04-22
910340,23.122137,17.458214,3.595608,3.9515858,,0.16929,0.16153999,0.07441,-0.028,-0.136,0.01648693,79.788,2.533,10559221760.0,542958976.0,359543264.0,2025-04-22
910341,19.119377,16.275406,3.4965434,4.1415863,,0.21628,0.1936,0.06883,-0.016,0.391,0.024664292,125.905,0.899,50208452608.0,4052000000.0,343500000.0,2025-04-22
910342,9.178096,11.736911,1.4762437,2.1448727,,0.24490999,0.16455,0.013259999,0.284,3.027,0.034570176,,,17788286976.0,-486000000.0,,2025-04-22
910343,16.533722,16.68692,4.4389615,1.6728334,,0.10172,0.27748,0.071279995,0.005,,0.01515066,120.314,1.01,68641374208.0,4387999744.0,4060000000.0,2025-04-22
910344,8.727513,7.8923454,5.089479,0.78722674,,0.096020006,1.05461,0.04642,0.062,,0.0,976.294,0.175,7462635008.0,2049822976.0,571996032.0,2025-04-22
910345,19.763529,14.292754,10.714907,0.7506164,,0.03999,0.4179,0.05698,0.002,0.334,0.017864432,443.664,1.017,21114839040.0,2305999872.0,2346374912.0,2025-04-22
910346,12.821513,11.5886755,1.244293,0.8428642,,0.06595,0.106520005,0.05375,-0.082,-0.635,0.020343116,32.997,2.507,25904588800.0,3979000064.0,263375008.0,2025-04-22
910347,33.70248,24.04983,30.572447,19.401491,,0.55848,1.1917701,0.57417,0.779,0.798,0.000350841,12.946,4.44,2531946397696.0,64089001984.0,44169748480.0,2025-04-22
910348,13.722636,13.416688,4.9720016,1.9460928,,0.15737,0.3923,0.20628001,0.164,0.115,0.0,25.19,6.184,20798791680.0,1374461952.0,1088223232.0,2025-04-22
910349,17.950104,13.349274,4.8321657,3.5080347,,0.19899,0.27493998,0.09043,-0.091,-0.29,0.023650147,116.945,2.358,44250349568.0,2782000128.0,1544999936.0,2025-04-22
910350,34.257133,30.979305,-58.37358,4.847548,,0.14284,,0.14129,0.069,-0.002,0.0,,0.705,80995155968.0,3049575936.0,1533537152.0,2025-04-22
910351,17.725664,12.677216,1.4530814,1.497514,,0.116000004,0.08934,0.04123,-0.057,,0.022552537,78.608,0.953,40021061632.0,11438999552.0,3658500096.0,2025-04-22
910352,27.511839,25.599998,7.5789046,5.663808,,0.20397,0.27899998,0.17538999,-0.073,-0.185,0.0069393474,3.965,1.333,32933967872.0,1659282944.0,642773248.0,2025-04-22
910353,9.964481,8.442129,3.2542162,0.92145514,,0.09205,0.31022,0.051999997,0.017,-0.097,0.03884034,129.051,1.006,14511996928.0,1565200000.0,1268012544.0,2025-04-22
910354,9.823966,8.254861,1.7147183,2.1256495,,0.22207001,0.18954,0.0874,-0.146,-0.325,0.0,41.331,5.058,15050688512.0,1906400000.0,858712512.0,2025-04-22
910355,16.154737,13.989949,2.8587074,2.5334287,,0.13987,0.16117,0.05841,0.337,0.342,0.048887804,145.904,0.898,54980210688.0,4888000000.0,1439874944.0,2025-04-22
910356,29.6115,17.618017,21.133356,6.640822,,0.21799,1.03741,0.073460005,0.064,0.223,0.013841394,632.501,1.017,370444959744.0,20745000960.0,5255750144.0,2025-04-22
910357,24.266806,23.571814,-8.100213,2.7814713,,0.11535,,0.13706,0.015,0.043,0.01555899,,0.99,39666561024.0,1563000064.0,1195124992.0,2025-04-22
910358,11.254431,11.457475,2.6631722,1.4003911,,0.12363,0.24933,0.07408,-0.129,-0.385,0.013403596,91.445,2.039,47142486016.0,4640900096.0,3864549888.0,2025-04-22
910359,20.78027,16.491104,3.7529106,2.044282,,0.09604,0.19166,0.08258,0.107,0.169,0.027461965,62.931,3.228,17137829888.0,1191200000.0,402512512.0,2025-04-22
910360,496.53214,200.72575,44.10524,79.75039,,0.16128999,0.10812,0.035720002,0.36,-0.154,0.0,4.696,5.958,228525293568.0,1153864960.0,924912896.0,2025-04-22
910361,91.56742,22.6375,16.883158,13.192577,,0.14637,0.23378,0.0357,0.143,-0.847,0.0,15.221,0.839,113066983424.0,3108100096.0,3418962432.0,2025-04-22
910362,,6.7422695,0.45185015,0.27252266,,-0.21189,-0.30945,0.03165,0.045,,0.01858736,94.345,1.302,7961204224.0,752000000.0,15614624768.0,2025-04-22
910363,23.286482,19.133831,5.5290537,3.7347252,,0.15866,0.25852,0.08776,-0.016,0.391,0.011639168,68.875,1.06,74349969408.0,3711075072.0,3211406592.0,2025-04-22
910364,29.699167,27.06049,12.525155,9.78357,,0.31988,0.44254002,0.11643,0.048,0.042,0.027922217,20.981,1.393,53217726464.0,1778800000.0,1158000000.0,2025-04-22
910365,23.726763,24.298164,7.336057,6.695766,,0.26657,0.34874,0.064229995,0.136,0.389,0.007274491,5.292,1.102,12609466368.0,533900000.0,238775008.0,2025-04-22
910366,15.385213,12.553579,2.9856038,1.932483,,0.13042,0.20001,0.04299,0.042,-0.2,0.0,58.074,1.263,61447159808.0,7449999872.0,3494249984.0,2025-04-22
910367,23.03877,17.76598,3.9859831,3.5433216,,0.15318,0.18454,0.086289994,-0.012,-0.2,0.011651469,49.597,1.604,14466673664.0,766700032.0,603237504.0,2025-04-22
910368,20.739191,16.677866,10.946079,2.1655939,,0.104270004,0.52304,0.08989,-0.002,0.17,0.037606716,262.787,0.819,198918455296.0,12506999808.0,6917749760.0,2025-04-22
910369,15.911347,7.6569963,1.4414674,2.0088398,,0.12622,0.09057,0.0464,0.219,,0.07622504,76.181,1.171,127816450048.0,12743999488.0,12777124864.0,2025-04-22
910370,15.091304,11.726351,1.3325399,1.5981042,,0.10135999,0.088879995,0.0247,-0.058,-0.296,0.0032660333,191.911,1.054,39024107520.0,8034999808.0,-6583499776.0,2025-04-22
910371,27.172758,22.719446,-21.646156,6.7645283,,0.18631001,,0.12998,0.073,,0.03267974,,0.88,256226820096.0,12216999936.0,8184500224.0,2025-04-22
910372,20.065912,10.550991,1.4919672,0.29112312,,0.014789999,0.07236,0.01731,-0.12,-0.994,0.04638697,75.245,1.187,41675149312.0,4191000064.0,445000000.0,2025-04-22
910373,18.142178,20.313036,1.6762471,2.240084,,0.11879,0.09527001,0.02612,0.105,,0.037912916,161.114,0.594,11480240128.0,1609822976.0,-220406624.0,2025-04-22
910374,10.903249,10.2858095,1.0839179,2.951194,,0.2875,0.11334,0.0109,0.049,0.114,0.042296674,,,62001635328.0,,,2025-04-22
910375,27.125221,25.479221,9.072249,2.2479854,,0.08178,0.33587003,0.113520004,-0.016,-0.275,0.015848394,99.879,2.048,11938944000.0,659185984.0,510373248.0,2025-04-22
910376,17.739511,11.465536,3.438612,1.4630316,,0.07043,0.18378,0.068280004,-0.143,,0.026760563,92.086,1.308,23181735936.0,1420000000.0,1057875008.0,2025-04-22
910377,30.066668,19.715847,1.8915803,3.1877334,,0.104940005,0.06341,0.02806,0.089,0.566,0.029170204,120.516,0.864,26974601216.0,2340000000.0,-600374976.0,2025-04-22
910378,10.797156,8.545616,1.4717586,1.0330193,,0.09741,0.14091,0.0038800002,0.766,,0.040563617,40.609,1.443,16660226048.0,4602899968.0,1298437504.0,2025-04-22
910379,26.671177,22.57345,7.7959037,4.793523,,0.18353,0.31058002,0.108839996,0.021,0.335,0.023891402,67.428,0.759,404314488832.0,18968999936.0,11446250496.0,2025-04-22
910380,17.783884,19.11123,6.0370593,2.1161911,,0.11255,0.36976,0.07067,0.2,0.185,0.019035779,27.701,0.287,159440191488.0,15118999552.0,17323624448.0,2025-04-22
910381,25.12344,28.620739,1.801495,11.06906,,0.42810002,0.06829,0.023759998,0.088,0.012,0.039440334,55.552,0.208,96673898496.0,,,2025-04-22
910382,13.294666,6.7876105,1.2684298,0.5154245,,0.03873,0.09486,0.00275,-0.17,,0.053680185,127.448,1.146,36288458752.0,8502000128.0,-851750016.0,2025-04-22
910383,23.200565,20.17936,2.5382452,4.1335015,,0.17221001,0.11218,0.02885,-0.054,-0.476,0.029906543,142.038,0.651,42533728256.0,2132999936.0,-1511250048.0,2025-04-22
910384,43.82308,20.34643,5.3013105,7.6168346,,0.16952999,0.12994,0.059359998,0.027,0.239,0.0,53.25,0.695,17620678656.0,801072000.0,724843648.0,2025-04-22
910385,27.886276,27.91251,9.705285,11.362152,,0.43941003,0.20927,0.06968,0.014,0.399,0.041730423,95.306,0.761,53577515008.0,3128254976.0,2405444864.0,2025-04-22
910386,6.7882915,7.386667,1.6692333,1.1422186,,0.1718,0.274,0.14573,0.146,0.284,0.008806787,19.652,7.777,20499339264.0,1680793984.0,934480384.0,2025-04-22
910387,43.02649,25.578741,5.2445917,1.7139077,,0.03822,0.13623,0.04664,0.133,0.447,0.0014580132,61.107,1.302,40572985344.0,2081196032.0,1525823616.0,2025-04-22
910388,14.928532,11.315413,5.6909776,3.7753234,,0.25936002,0.41968,0.12626,0.175,0.149,0.024607021,54.23,2.619,153640566784.0,13840000000.0,9738749952.0,2025-04-22
910389,22.83563,17.992418,2.8758168,1.9977673,,0.08823,0.13835,0.05841,0.146,0.156,0.018534536,103.263,1.103,19721959424.0,1334000000.0,741000000.0,2025-04-22
910390,19.00747,16.029339,5.079514,1.8771918,,0.10139,0.27571,0.07935,0.108,0.075,0.015805725,105.691,1.755,13045732352.0,1233900032.0,824675008.0,2025-04-22
910391,13.058594,12.003591,2.3097785,2.1111276,,0.16391,0.19111,0.026719999,0.146,0.205,0.014139407,39.609,2.127,27949217792.0,2441999872.0,,2025-04-22
910392,32.41102,18.778233,2.5407457,1.9389331,,0.05913,0.08125,0.03258,0.085,0.039,0.019663813,69.821,0.993,156545581056.0,7159000064.0,5555375104.0,2025-04-22
910393,59.795918,36.855343,1.3450546,9.960769,,0.16306,0.02404,0.02299,0.245,-0.086,0.05405452,68.313,1.326,52582248448.0,3573275904.0,2691259648.0,2025-04-22
910394,34.393368,34.557144,2.0197606,8.92554,,0.26634002,0.05817,0.02859,0.036,-0.037,0.038358293,67.446,0.571,13417683968.0,790198016.0,643936896.0,2025-04-22
910395,15.062322,12.748621,2.1115196,4.4598103,,0.3107,0.15951,0.07314,0.103,-0.209,0.0,10.012,4.731,63338225664.0,4420499968.0,2635887616.0,2025-04-22
910396,9.461352,8.665929,1.0471021,2.673745,,0.30251,0.11306,0.0128,0.156,0.228,0.051859614,,,17809815552.0,,,2025-04-22
910397,37.29645,35.489136,6.6116157,4.807465,,0.12743,0.18624,0.06331,0.056,0.165,0.009355204,113.588,0.583,77073276928.0,3936000000.0,1546125056.0,2025-04-22
910398,25.165094,20.73858,5.965893,6.4229984,,0.25345,0.25654,0.13886,0.103,0.65,0.009579361,15.986,3.329,31644657664.0,1476306048.0,1101615232.0,2025-04-22
910399,40.073914,17.862404,1.4503769,4.1113453,,0.09814,0.036429998,0.01973,0.048,0.205,0.0031190822,43.379,3.598,11326863360.0,628299008.0,726416512.0,2025-04-22
910400,28.909716,20.363598,7.75471,3.319996,,0.113859996,0.24847999,0.07114,-0.083,-0.144,0.022297624,113.245,1.078,26869391360.0,1194800000.0,937062528.0,2025-04-22
910401,57.916668,49.642857,20.240261,8.112269,,0.13763,0.37518,0.15195,0.104,-0.029,0.0112369815,61.065,0.686,27487639552.0,607652992.0,498932512.0,2025-04-22
910402,38.143303,27.321426,3.1106403,8.622362,,0.2201,0.08533,0.041950002,0.163,0.188,0.005702153,41.468,0.403,60694532096.0,2393200128.0,2178599936.0,2025-04-22
910403,21.866877,20.624813,8.235154,2.2129989,,0.098950006,0.40282002,0.11066,-0.018,-0.038,0.010849509,103.144,1.617,46758936576.0,2356987904.0,1183395328.0,2025-04-22
910404,18.058554,13.812457,7.0177064,3.3059864,,0.17452,0.45828998,0.07129,0.129,0.993,0.005012928,269.166,0.174,54499184640.0,5264999936.0,1067374976.0,2025-04-22
910405,37.31822,27.417015,4.2781425,10.255942,,0.27111,0.11023,0.059949998,0.14,0.52,0.008107085,32.105,0.854,145716428800.0,5688999936.0,5094125056.0,2025-04-22
910406,37.757072,21.575472,3.7763605,6.3732257,,0.16353,0.10258,0.047259998,0.076,0.181,0.0067722006,19.731,1.062,241513381888.0,13091999744.0,14207750144.0,2025-04-22
910407,33.058994,25.055614,-4.83634,9.406785,,0.27972,,0.08826999,0.028,0.585,0.017379738,,0.895,25206738944.0,1334866048.0,-676963648.0,2025-04-22
910408,11.090034,9.39782,2.2865288,1.3109221,,0.122930005,0.20952,0.08217,0.033,-0.015,0.03177354,58.161,1.45,47565160448.0,6601999872.0,2569625088.0,2025-04-22
910409,13.758182,7.801031,-14.845987,2.043655,,0.14673,,0.112110004,0.495,,0.03814419,,1.233,16420767744.0,938000000.0,174750000.0,2025-04-22
910410,16.280542,14.0,1.5435104,3.5912867,,0.21699,0.097950004,0.01951,0.076,-0.095,0.035197277,98.735,0.546,47351115776.0,4906999808.0,-4447124992.0,2025-04-22
910411,112.97646,46.00239,16.508509,14.787781,,0.12973,0.16534,0.046230003,0.213,0.302,0.0,23.707,1.099,162428977152.0,4267000064.0,3281750016.0,2025-04-22
910412,31.248575,25.771517,20.313307,3.7095616,,0.11609,0.69045997,0.101289995,0.009,0.348,0.00887372,298.741,0.793,85685305344.0,3153200128.0,1924662528.0,2025-04-22
910413,20.752066,22.22124,16.94332,9.730101,,0.39755002,0.74901,0.05797,0.036,-0.107,0.05502718,688.571,0.454,58028355584.0,3814654976.0,1946920320.0,2025-04-22
910414,17.910769,9.095312,1.4614611,2.2100372,,0.13021,0.08342,0.05251,-0.111,-0.3,0.048608664,18.639,5.942,8939600896.0,1427000064.0,972162496.0,2025-04-22
910415,,11.167141,1.811669,1.4305624,,-0.02921,-0.03549,0.0552,-0.019,,0.03710095,115.621,0.601,12571782144.0,1244600064.0,670562496.0,2025-04-22
910416,50.609756,11.495845,1.2392869,1.0405414,,0.01511,0.02708,0.0298,1.634,2.042,0.014835705,84.051,1.371,21964787712.0,1483000064.0,-1736875008.0,2025-04-22
910417,15.83865,15.05144,2.8682444,3.2633147,,0.20136999,0.19538,0.10828,-0.03,-0.087,0.027363526,23.477,4.142,16544026624.0,1167299968.0,811500032.0,2025-04-22
910418,23.650362,11.803798,3.811679,1.4177977,,0.058029998,0.0655,0.048060004,0.019,-0.886,0.0,276.546,1.202,11702502400.0,1184999936.0,1295124992.0,2025-04-22
910419,22.932331,21.180555,3.0225952,3.8329065,,0.16468,0.1185,0.03373,0.049,-0.375,0.031696774,180.719,0.669,102430588928.0,9788000256.0,722374976.0,2025-04-22
910420,32.157894,15.371069,1.4010549,0.5252292,,0.01692,0.04457,0.0050700004,0.016,,0.029950084,77.855,0.918,14434875392.0,462000000.0,-2102625024.0,2025-04-22
910421,30.68783,10.564664,1.0268031,0.59201473,,0.01915,0.03221,0.0276,-0.004,,0.05783218,75.629,1.297,9096720384.0,1106899968.0,767337472.0,2025-04-22
910422,26.72742,22.27285,-12.595774,2.6300938,,0.09729999,,0.09776,-0.003,-0.238,0.029251361,,0.749,95074467840.0,5783699968.0,1967487488.0,2025-04-22
910423,9.379504,8.917559,1.0855653,1.851729,,0.21917,0.1122,0.0080699995,0.052,0.391,0.036834925,,,24231727104.0,,,2025-04-22
910424,11.828252,11.592629,1.968641,1.0361663,,0.087629996,0.1743,0.081379995,-0.085,-0.511,0.016204314,37.398,2.526,18174763008.0,1844503040.0,-319290752.0,2025-04-22
910425,35.756844,22.271814,3.400095,4.1050553,,0.086619996,0.096140005,0.05589,0.056,0.233,0.009964348,36.087,2.13,22160611328.0,1142113024.0,877812864.0,2025-04-22
910426,44.491642,25.583517,6.398125,5.966271,,0.13246,0.1526,0.07474,0.107,-0.522,0.009540917,68.431,1.949,134807896064.0,4241999872.0,2864000000.0,2025-04-22
910427,13.208695,7.1650944,2.8903055,0.92454255,,0.06939,0.31015,0.12758,0.549,0.083,0.0,31.382,6.383,19248859136.0,-1992205056.0,-2532372992.0,2025-04-22
910428,5.5935674,7.3918085,1.2090454,2.006374,,0.37255,0.22957,0.02953,0.208,0.759,0.021172984,,,18843863040.0,9848000512.0,,2025-04-22
910429,49.30612,27.620712,6.824972,10.744078,,0.3475,0.15951,0.06647,-0.037,-0.342,0.0,7.147,2.681,65235480576.0,1427363968.0,1037851520.0,2025-04-22
910430,18.762821,14.872968,17.782505,0.44619223,,0.02398,0.86513,0.088520005,0.045,-0.022,0.028415453,674.815,1.204,35949707264.0,2631000064.0,1974249984.0,2025-04-22
910431,26.599895,24.082005,4.763542,3.709275,,0.1393,0.17934,0.05461,0.068,0.48,0.012071959,186.194,0.912,301934968832.0,22293000192.0,10796749824.0,2025-04-22
910432,9.422404,9.220855,1.858122,2.7838778,,0.29606,0.19646999,0.11412,0.111,0.005,0.05936565,2.95,5.171,19747717120.0,1685600000.0,1686274944.0,2025-04-22
910433,,26.979591,6.5437446,7.1033926,,-0.67070997,-0.51451,-0.02478,-0.005,,0.0,71.971,0.829,38717042688.0,-333100000.0,926950016.0,2025-04-22
910434,18.799417,13.586133,10.010836,1.9900217,,0.117419995,0.39821997,0.07958,0.053,-0.037,0.022158911,307.265,1.583,13485182976.0,979299968.0,593512512.0,2025-04-22
910435,29.616726,20.581114,14.279715,2.3956492,,0.08009,0.34414002,0.07762,0.039,0.172,0.01823265,323.439,0.724,39244328960.0,3649700096.0,291324992.0,2025-04-22
910436,10.744357,9.057564,2.9570093,0.4069643,,0.03839,0.2912,0.06341,-0.031,-0.202,0.047344852,135.518,0.935,43368558592.0,7367000064.0,3679000064.0,2025-04-22
910437,20.914692,14.726363,3.187509,2.501536,,0.12101,0.14879,0.08135,0.001,-0.707,0.019728156,33.599,1.681,39649345536.0,3636000000.0,2193999872.0,2025-04-22
910438,26.705166,21.441288,2.2505198,3.8750734,,0.14448,0.0874,0.04579,0.054,-0.386,0.0,29.186,2.334,21971666944.0,1191900032.0,1018962496.0,2025-04-22
910439,21.566265,16.84706,4.107153,4.167958,,0.19233999,0.20294,0.09519,0.123,0.249,0.006875806,2.718,2.908,11753140224.0,672176000.0,411039264.0,2025-04-22
910440,116.08293,73.44753,10.496206,8.313218,,0.07259,0.1042,0.04186,0.021,-0.708,0.0,18.489,2.025,812101206016.0,14922999808.0,-826875008.0,2025-04-22
910441,28.432695,25.144558,7.968632,8.768363,,0.30682,0.28395998,0.09854999,-0.017,-0.121,0.036123894,85.056,4.125,137145958400.0,6318000128.0,-583750016.0,2025-04-22
910442,65.694374,17.72634,26.292143,43.88715,,0.64316005,0.41731,0.28298,0.115,0.046,0.0040913713,0.11,10.811,30976559104.0,490672000.0,-42269376.0,2025-04-22
910443,14.857143,9.623881,1.6379617,0.8740095,,0.06014,0.11627,0.04077,,,0.0012387736,54.956,1.754,11975677952.0,1014000000.0,683124992.0,2025-04-22
910444,26.241232,18.477224,3.3330774,3.8722289,,0.14774,0.13134,0.04901,0.047,0.123,0.0036979967,66.099,1.66,166037307392.0,8666999808.0,6603624960.0,2025-04-22
910445,29.55399,27.369566,16.791143,2.5687084,,0.0863,0.61982,0.12810001,-0.004,-0.004,0.012098725,152.246,1.18,144772415488.0,6115999744.0,3209250048.0,2025-04-22
910446,14757.001,45.5463,2.9291387,4.475374,,0.0033500001,0.00072999997,0.01393,0.046,,0.0,34.815,1.297,12550474752.0,583409984.0,570839872.0,2025-04-22
910447,24.862745,4.557053,11.8893585,1.8324962,,0.07399,0.49828997,0.09658,0.031,-0.046,0.017745513,238.926,1.427,27273463808.0,1420834944.0,517702496.0,2025-04-22
910448,29.181496,26.18261,9.969598,3.869999,,0.12944001,0.36048,0.1095,0.102,0.198,0.010422806,71.926,1.209,76773810176.0,3145600000.0,2483887616.0,2025-04-22
910449,46.063316,30.034384,-11.7028265,9.19269,,0.22373,,0.112320006,0.121,0.291,0.0,,2.695,74984488960.0,2160999936.0,1698499968.0,2025-04-22
910450,13.948285,12.057883,2.059578,1.2660778,,0.09086,0.16052,0.02691,0.052,-0.648,0.016827596,28.495,0.321,59511984128.0,8976000000.0,15715749888.0,2025-04-22
910451,9.446633,19.305368,2.462335,3.976322,,0.40844002,0.29367,0.03155,0.055,0.432,0.0,26.352,1.27,14645987328.0,531400000.0,1188137472.0,2025-04-22
910452,,9.150633,0.80598044,4.173461,,0.42338002,0.0013400001,0.00016000001,0.028,0.053,0.05890682,,,48124178432.0,,,2025-04-22
910453,92.58086,51.804245,7.1137486,11.6115265,,0.12304,0.08315,0.04166,0.125,0.677,0.0,18.84,1.352,24823156736.0,624633024.0,554460864.0,2025-04-22
910454,20.81419,17.602858,1.1860393,0.4121526,,0.01962,0.05819,0.03482,0.023,2.355,0.032406647,52.644,2.109,22096736256.0,2320999936.0,1132375040.0,2025-04-22
910455,9.631188,8.986143,1.1390848,2.4185858,,0.2638,0.11526,0.00988,0.042,0.296,0.052631576,,,61325660160.0,,,2025-04-22
910456,16.49671,31.875,7.3555293,3.6906855,,0.22410999,0.56004,0.038900003,0.204,3.817,0.0,50.881,1.067,162319745024.0,7136999936.0,5267500032.0,2025-04-22
910457,159.88461,88.44681,4.045348,9.339317,,0.05269,0.02037,0.01747,0.054,,0.04172803,134.709,0.341,15878492160.0,876848000.0,741036992.0,2025-04-22
910458,14.95601,16.571285,7.0006146,1.5201983,,0.10633001,0.50386,0.16707,-0.019,-0.003,0.0,77.289,1.702,17171634176.0,1338605056.0,774789504.0,2025-04-22
910459,19.63177,17.962015,7.7819123,5.4805803,,0.27823,0.42597,0.090550005,-0.006,0.067,0.024438787,192.202,0.765,132904067072.0,9345999872.0,4622875136.0,2025-04-22
910460,6.00182,5.4557486,1.7122239,0.37882927,,0.06339,0.33571997,0.04824,0.054,,0.0,260.978,0.781,21872465920.0,10307000320.0,2363875072.0,2025-04-22
910461,14.481482,11.0953455,4.993359,0.9113999,,0.06349,0.33955002,0.07106,0.015,0.072,0.06774026,153.21,1.175,83001188352.0,10122000384.0,4794625024.0,2025-04-22
910462,14.786896,12.208813,4.333308,2.5249834,,0.16781001,0.30743,0.09607001,0.098,0.015,0.011426569,171.526,0.978,38745870336.0,4545999872.0,2280000000.0,2025-04-22
910463,17.974804,14.36782,3.9119782,1.0231451,,0.05391,0.22700001,0.07044,0.098,,0.019749371,77.277,0.849,419547807744.0,28515999744.0,20096374784.0,2025-04-22
910464,9.564209,8.85848,1.5680406,0.7375983,,0.07216,0.17943001,0.07407,0.111,0.536,0.005093919,73.275,1.274,11674657792.0,2067101056.0,958511744.0,2025-04-22
910465,13.047786,11.601036,1.4380218,0.2871451,,0.02234,0.10727,0.03901,-0.14,-0.766,0.03932378,41.932,1.532,35598528512.0,6682999808.0,5077624832.0,2025-04-22
910466,359.92108,427.40628,2.774915,6.224463,,0.0166,0.00842,0.017970001,0.109,,0.026942074,123.346,0.579,30433720320.0,1329624960.0,1109459968.0,2025-04-22
910467,26.609282,23.7,10.78842,4.3592935,,0.16041,0.48514998,0.124910004,0.044,0.135,0.0043577985,135.306,1.917,22637172736.0,875000000.0,772000000.0,2025-04-22
910468,30.795996,28.446243,-11.939445,15.200074,,0.50449,,0.41919,0.039,-0.277,0.0,,0.434,23672596480.0,902600000.0,724912512.0,2025-04-22
910469,43.777443,39.934155,408.30295,14.56883,,0.33251,4.45084,0.18275,0.086,0.209,0.0054861964,3091.238,0.736,41982996480.0,1144000000.0,705150016.0,2025-04-22
910470,10.442029,9.139535,1.8338,1.411489,,0.12988,0.18469,0.05049,0.016,,0.062543675,170.713,0.626,190251778048.0,36912001024.0,16012250112.0,2025-04-22
910471,,26.037827,7.6525483,11.668906,,-0.048600003,-0.031519998,0.12683,0.157,-0.058,0.0,10.661,2.692,128689946624.0,-492600000.0,2725550080.0,2025-04-22
910472,,2.867041,0.49032795,0.6199546,,-0.04303,-0.03244,0.02487,-0.081,,0.06340819,76.767,1.647,9137696768.0,2302899968.0,6551712256.0,2025-04-22
910473,12.843751,12.043957,1.3088131,9.135865,,0.69594,0.10345,0.049489997,0.047,-0.178,0.052721616,65.488,21.185,35165818880.0,2381498112.0,1003987776.0,2025-04-22
910474,33.041832,25.8906,17.137667,17.69105,,0.54269004,0.51191,0.16712,0.101,0.047,0.0069353324,53.815,1.121,651066015744.0,21731999744.0,13893749760.0,2025-04-22
910475,16.030714,16.263042,12.320487,2.4012992,,0.15438,0.51573,0.072119996,0.312,,0.008205032,311.893,0.963,41359978496.0,4562999808.0,2806625024.0,2025-04-22
910476,34.54414,26.288546,3.883953,4.3918653,,0.12294,0.11766,0.056009997,0.011,0.292,0.00785754,72.441,1.829,32577538048.0,1409600000.0,782275008.0,2025-04-22
910477,16.225058,16.075863,3.165829,1.945406,,0.12429,,,0.089,-0.056,0.0035199763,36.389,,27098294272.0,,,2025-04-22
910478,25.75401,23.644028,14.330643,2.8619254,,0.1112,0.55683,0.19674999,0.059,0.203,0.008183657,85.957,2.489,49133535232.0,2111000064.0,1294875008.0,2025-04-22
910479,28.296694,20.164312,2.9061418,2.8829224,,0.10167,0.103310004,0.05515,0.023,-0.014,0.0047886986,42.317,1.304,29944915968.0,1834000000.0,1202499968.0,2025-04-22
910480,,7.462585,1.3337386,0.0625461,,-0.03803,-0.66207004,-0.00587,0.041,,0.06899724,428.707,0.611,9503629312.0,1596999936.0,3674125056.0,2025-04-22
910481,39.29875,34.81985,8.349643,1.1247401,,0.02854,0.21414,0.07124,0.041,-0.044,0.008981711,63.58,0.823,765931094016.0,36443000832.0,7864625152.0,2025-04-22
910482,27.928572,16.702911,1.527425,1.6973191,,0.060700003,0.05905,0.04251,0.048,0.336,0.011309524,42.447,0.679,157005414400.0,14990999552.0,10820124672.0,2025-04-22
910483,,-62.076923,0.5818313,0.51458687,,-0.28766,-0.28208,0.00349,-0.025,,0.0,123.092,0.89,20234072064.0,5375000064.0,20509124608.0,2025-04-22
910484,33.907352,28.571253,11.218314,4.266292,,0.124460004,0.36238,0.0696,0.13,0.213,0.0131827565,302.157,0.763,94127202304.0,5390000128.0,1370375040.0,2025-04-22
910485,30.569962,25.344933,10.643736,6.6901584,,0.2156,0.42824,0.114029996,0.065,0.07,0.0,93.135,2.113,19792076800.0,762123008.0,627061632.0,2025-04-22
910486,22.457558,20.779694,2.7800703,4.0784564,,0.17758,0.12247,0.02849,0.03,1.076,0.031226626,159.108,0.601,35074318336.0,3211800064.0,-578962496.0,2025-04-22
910487,11.805756,11.9562845,1.3176755,2.801642,,0.25885,0.11021,0.01031,-0.036,0.06,0.024214964,,,216438046720.0,,,2025-04-22
910488,92.21069,80.55769,2.9146955,12.255136,,0.119090006,0.033010002,0.01687,0.286,0.43,0.018238775,51.489,2.22,97932230656.0,2256421120.0,2442535680.0,2025-04-22
910489,31.928251,28.404257,5.757413,5.337247,,0.1703,0.17713,0.09929,0.023,-0.05,0.003934331,11.382,2.795,15441722368.0,653400000.0,206724992.0,2025-04-22
910490,10.580925,4.155505,1.0514375,0.82825065,,0.08083,0.10829,0.06177,,,0.0,,1.992,12928602112.0,861000000.0,904249984.0,2025-04-22
910491,46.85185,29.418604,1.8890465,2.694695,,0.05559,0.039690003,0.02495,-0.037,-0.63,0.03240178,53.842,1.789,19197005824.0,1008000000.0,546000000.0,2025-04-22
910492,16.154545,17.485855,8.170115,2.2989924,,0.14592,0.52702,0.16951,0.08,0.086,0.016501052,62.888,1.441,17728774144.0,1360221952.0,951674496.0,2025-04-22
910493,31.750603,27.648851,5.68034,6.8133106,,0.20692,0.15782,0.03937,0.156,-0.573,0.03366407,182.473,0.501,73263529984.0,4974000128.0,1025875008.0,2025-04-22
910494,,17.826424,4.053548,3.2809823,,-0.00987,-0.00999,0.04851,0.042,1.003,0.011274385,74.043,1.199,32580155392.0,1512000000.0,963500032.0,2025-04-22
910495,111.88718,26.286745,6.4325724,7.092997,,0.062280003,0.06146,0.01812,0.15,-0.921,0.0,37.215,1.901,59911569408.0,2460999936.0,2145624960.0,2025-04-22
910496,17.56322,15.219124,-36.398285,1.1379353,,0.070300005,,0.05353,-0.001,-0.62,0.013340448,,1.898,8111158784.0,1426203008.0,647221632.0,2025-04-22
910497,20.627907,18.527414,2.0877342,3.0921156,,0.14404,0.10426,0.02243,-0.094,0.134,0.031752937,155.056,0.67,41561128960.0,4640999936.0,-3603000064.0,2025-04-22
910498,30.379452,23.344212,2.5317943,3.206755,,0.10395,0.08453,0.04298,0.065,0.226,0.013269444,22.45,1.754,27456235520.0,1263000064.0,964124992.0,2025-04-22
910499,27.476099,23.634869,-5.2422295,5.4073954,,0.19685,,0.24493,0.16,-0.086,0.019358054,,1.474,40820428800.0,1688999936.0,1155124992.0,2025-04-22
910500,22.147493,14.042394,3.235138,2.364466,,0.106000006,0.15946999,0.06261,0.322,8.588,0.0,65.867,1.432,11762302976.0,1013000000.0,807875008.0,2025-04-22
910501,21.833523,11.246802,1.544545,2.5374258,,0.1177,0.07253,0.046490002,0.043,-0.429,0.009982323,53.067,1.906,19483877376.0,1499399936.0,1061000000.0,2025-04-22
910502,27.377289,23.577286,14.054155,7.292948,,0.26858,0.51142,0.1487,0.047,0.107,0.011767109,143.166,1.754,67503521792.0,2952999936.0,2372000000.0,2025-04-22
910503,,,,,,,,,,,,,,,,,2025-04-22
